,Region,Codigo region,Comuna,Codigo comuna,Poblacion,2020-03-30,2020-04-01,2020-04-03,2020-04-06,2020-04-08,2020-04-10,2020-04-13,2020-04-15,2020-04-17,2020-04-20,2020-04-24,2020-04-27,2020-05-01,2020-05-04,2020-05-08,2020-05-11,2020-05-15,2020-05-18,2020-05-22,2020-05-25,2020-05-29,2020-06-01,2020-06-05,2020-06-08,2020-06-12,2020-06-15,2020-06-19,2020-06-23,2020-06-28,2020-07-01,2020-07-05,2020-07-10,2020-07-13,2020-07-17,2020-07-20,2020-07-24,2020-07-27,Tasa
0,Arica y Parinacota,15,Arica,15101.0,247552.0,6.0,6.0,12.0,41.0,63.0,87.0,115.0,124.0,134.0,166.0,224.0,270.0,297.0,310.0,328.0,353.0,371.0,405.0,477.0,525.0,596.0,653.0,806.0,904.0,1046.0,1176.0,1371.0,1533.0,1758.0,1887.0,2139.0,2464.0,2721.0,3123.0,3372.0,3882.0,4211.0,1701.1
1,Arica y Parinacota,15,Camarones,15102.0,1233.0,0.0,0.0,0.0,0.0,0.0,0.0,0.0,0.0,0.0,0.0,0.0,0.0,0.0,0.0,0.0,0.0,0.0,0.0,0.0,0.0,0.0,0.0,0.0,0.0,0.0,0.0,0.0,0.0,0.0,0.0,0.0,0.0,8.0,13.0,13.0,13.0,15.0,1216.5
2,Arica y Parinacota,15,General Lagos,15202.0,810.0,0.0,0.0,0.0,0.0,0.0,0.0,0.0,0.0,0.0,0.0,0.0,0.0,0.0,0.0,0.0,0.0,0.0,0.0,0.0,0.0,0.0,0.0,0.0,0.0,0.0,0.0,0.0,0.0,0.0,0.0,0.0,0.0,0.0,0.0,0.0,1.0,1.0,123.5
3,Arica y Parinacota,15,Putre,15201.0,2515.0,0.0,0.0,0.0,0.0,0.0,0.0,0.0,0.0,0.0,0.0,0.0,0.0,0.0,0.0,0.0,0.0,0.0,0.0,0.0,0.0,0.0,0.0,0.0,1.0,2.0,3.0,9.0,10.0,11.0,11.0,11.0,26.0,28.0,28.0,30.0,36.0,37.0,1471.2
4,Arica y Parinacota,15,Desconocido Arica y Parinacota,,,,,,,,,,,,,,,,,,,,,,,,,,,,,2.0,1.0,3.0,1.0,3.0,3.0,3.0,5.0,5.0,6.0,6.0,
5,Tarapacá,1,Alto Hospicio,1107.0,129999.0,0.0,0.0,0.0,5.0,6.0,10.0,14.0,15.0,16.0,27.0,39.0,55.0,77.0,128.0,161.0,188.0,276.0,379.0,504.0,591.0,744.0,919.0,1062.0,1238.0,1345.0,1468.0,1672.0,1815.0,1949.0,1982.0,2065.0,2150.0,2191.0,2241.0,2313.0,2371.0,2414.0,1856.9
6,Tarapacá,1,Camina,1402.0,1375.0,0.0,0.0,0.0,0.0,0.0,0.0,0.0,0.0,0.0,0.0,0.0,0.0,0.0,0.0,0.0,0.0,0.0,0.0,0.0,0.0,2.0,4.0,8.0,10.0,10.0,12.0,16.0,16.0,25.0,29.0,33.0,35.0,36.0,37.0,43.0,43.0,39.0,2836.4
7,Tarapacá,1,Colchane,1403.0,1583.0,0.0,0.0,0.0,0.0,0.0,0.0,0.0,0.0,0.0,0.0,0.0,0.0,0.0,0.0,0.0,0.0,0.0,0.0,0.0,0.0,1.0,1.0,4.0,5.0,10.0,16.0,26.0,43.0,54.0,58.0,61.0,72.0,77.0,78.0,79.0,86.0,89.0,5622.2
8,Tarapacá,1,Huara,1404.0,3000.0,0.0,0.0,0.0,0.0,0.0,0.0,0.0,0.0,0.0,0.0,0.0,0.0,0.0,3.0,6.0,9.0,13.0,15.0,18.0,19.0,30.0,31.0,33.0,37.0,40.0,41.0,55.0,63.0,65.0,68.0,78.0,92.0,105.0,116.0,125.0,132.0,133.0,4433.3
9,Tarapacá,1,Iquique,1101.0,223463.0,5.0,9.0,10.0,13.0,16.0,18.0,26.0,26.0,31.0,36.0,58.0,75.0,90.0,122.0,253.0,308.0,440.0,610.0,812.0,951.0,1218.0,1447.0,1700.0,1904.0,2142.0,2379.0,2698.0,2952.0,3210.0,3319.0,3583.0,3814.0,3934.0,4073.0,4198.0,4404.0,4552.0,2037.0
10,Tarapacá,1,Pica,1405.0,5958.0,0.0,0.0,0.0,0.0,0.0,5.0,10.0,19.0,24.0,28.0,31.0,31.0,31.0,31.0,35.0,37.0,37.0,39.0,37.0,39.0,45.0,51.0,57.0,59.0,60.0,67.0,77.0,83.0,90.0,91.0,111.0,163.0,168.0,176.0,192.0,196.0,205.0,3440.8
11,Tarapacá,1,Pozo Almonte,1401.0,17395.0,0.0,0.0,0.0,0.0,0.0,0.0,2.0,2.0,2.0,2.0,2.0,2.0,2.0,3.0,4.0,5.0,7.0,10.0,20.0,28.0,47.0,69.0,91.0,121.0,192.0,240.0,298.0,342.0,377.0,396.0,429.0,474.0,508.0,520.0,546.0,581.0,602.0,3460.8
12,Tarapacá,1,Desconocido Tarapaca,,,,,,,,,,,,,,,,,,,,,,,,,,,,,258.0,271.0,260.0,295.0,302.0,310.0,322.0,336.0,371.0,372.0,385.0,
13,Antofagasta,2,Antofagasta,2101.0,425725.0,29.0,32.0,44.0,54.0,60.0,82.0,106.0,122.0,145.0,184.0,261.0,303.0,378.0,479.0,601.0,658.0,843.0,998.0,1140.0,1243.0,1395.0,1550.0,1710.0,1876.0,2106.0,2339.0,2718.0,3187.0,3777.0,4067.0,4620.0,5263.0,5697.0,6134.0,6378.0,6743.0,6974.0,1638.1
14,Antofagasta,2,Calama,2201.0,190336.0,0.0,0.0,5.0,7.0,8.0,13.0,20.0,21.0,21.0,25.0,35.0,54.0,71.0,84.0,102.0,114.0,168.0,213.0,254.0,302.0,415.0,486.0,626.0,756.0,1138.0,1532.0,2375.0,3095.0,3847.0,4240.0,4667.0,5165.0,5450.0,5711.0,5884.0,6076.0,6243.0,3280.0
15,Antofagasta,2,Maria Elena,2302.0,6814.0,0.0,0.0,0.0,0.0,0.0,0.0,1.0,2.0,4.0,6.0,7.0,13.0,30.0,35.0,47.0,49.0,84.0,112.0,132.0,147.0,154.0,157.0,160.0,168.0,172.0,175.0,196.0,208.0,222.0,247.0,264.0,275.0,291.0,298.0,301.0,306.0,313.0,4593.5
16,Antofagasta,2,Mejillones,2102.0,14776.0,0.0,0.0,0.0,0.0,0.0,6.0,12.0,14.0,19.0,27.0,43.0,65.0,77.0,126.0,134.0,150.0,174.0,191.0,226.0,227.0,244.0,262.0,273.0,279.0,280.0,286.0,291.0,316.0,343.0,373.0,408.0,426.0,431.0,439.0,443.0,451.0,464.0,3140.2
17,Antofagasta,2,Ollague,2202.0,287.0,0.0,0.0,0.0,0.0,0.0,0.0,0.0,0.0,0.0,0.0,0.0,0.0,0.0,0.0,0.0,0.0,0.0,0.0,0.0,0.0,0.0,0.0,0.0,0.0,0.0,2.0,2.0,2.0,6.0,6.0,9.0,12.0,12.0,17.0,21.0,21.0,21.0,7317.1
18,Antofagasta,2,San Pedro de Atacama,2203.0,10434.0,0.0,0.0,0.0,4.0,4.0,4.0,4.0,4.0,4.0,4.0,4.0,4.0,4.0,4.0,4.0,4.0,4.0,4.0,5.0,5.0,8.0,8.0,9.0,11.0,14.0,26.0,44.0,63.0,89.0,106.0,126.0,149.0,172.0,192.0,219.0,235.0,248.0,2376.8
19,Antofagasta,2,Sierra Gorda,2103.0,1746.0,0.0,0.0,0.0,0.0,0.0,0.0,0.0,0.0,0.0,0.0,0.0,0.0,0.0,0.0,2.0,2.0,7.0,9.0,11.0,13.0,13.0,14.0,16.0,21.0,26.0,35.0,42.0,47.0,44.0,46.0,49.0,54.0,56.0,57.0,60.0,60.0,66.0,3780.1
20,Antofagasta,2,Taltal,2104.0,13657.0,0.0,0.0,0.0,0.0,0.0,0.0,3.0,7.0,7.0,7.0,7.0,7.0,7.0,8.0,8.0,9.0,16.0,17.0,23.0,25.0,26.0,33.0,37.0,37.0,41.0,42.0,53.0,62.0,65.0,71.0,78.0,87.0,99.0,109.0,113.0,120.0,123.0,900.6
21,Antofagasta,2,Tocopilla,2301.0,28079.0,0.0,0.0,0.0,0.0,0.0,0.0,3.0,6.0,11.0,11.0,11.0,11.0,12.0,13.0,14.0,15.0,19.0,24.0,25.0,28.0,30.0,32.0,35.0,38.0,44.0,46.0,59.0,76.0,112.0,134.0,195.0,224.0,241.0,251.0,253.0,261.0,273.0,972.3
22,Antofagasta,2,Desconocido Antofagasta,,,,,,,,,,,,,,,,,,,,,,,,,,,,,143.0,116.0,86.0,98.0,139.0,144.0,152.0,177.0,196.0,208.0,199.0,
23,Atacama,3,Alto del Carmen,3302.0,5729.0,0.0,0.0,0.0,0.0,0.0,0.0,0.0,0.0,0.0,0.0,0.0,0.0,0.0,0.0,0.0,0.0,0.0,0.0,0.0,0.0,0.0,0.0,1.0,2.0,2.0,4.0,5.0,6.0,6.0,6.0,7.0,8.0,9.0,10.0,10.0,10.0,11.0,192.0
24,Atacama,3,Caldera,3102.0,19426.0,0.0,0.0,0.0,0.0,0.0,0.0,0.0,0.0,0.0,0.0,0.0,0.0,0.0,1.0,1.0,3.0,4.0,5.0,5.0,5.0,6.0,7.0,9.0,10.0,13.0,14.0,18.0,20.0,26.0,40.0,46.0,48.0,50.0,53.0,59.0,70.0,77.0,396.4
25,Atacama,3,Chanaral,3201.0,13164.0,0.0,0.0,0.0,0.0,0.0,0.0,0.0,0.0,0.0,0.0,0.0,0.0,0.0,0.0,0.0,0.0,0.0,0.0,0.0,0.0,1.0,1.0,1.0,1.0,3.0,3.0,6.0,20.0,22.0,24.0,24.0,26.0,29.0,38.0,38.0,39.0,46.0,349.4
26,Atacama,3,Copiapo,3101.0,171766.0,0.0,0.0,4.0,4.0,5.0,8.0,8.0,8.0,8.0,8.0,8.0,8.0,19.0,34.0,48.0,67.0,71.0,82.0,96.0,100.0,115.0,135.0,160.0,207.0,259.0,297.0,397.0,474.0,603.0,670.0,768.0,892.0,991.0,1059.0,1171.0,1335.0,1532.0,891.9
27,Atacama,3,Diego de Almagro,3202.0,14358.0,0.0,0.0,0.0,0.0,0.0,0.0,1.0,1.0,1.0,1.0,1.0,1.0,1.0,2.0,2.0,3.0,3.0,3.0,5.0,8.0,12.0,12.0,13.0,15.0,19.0,25.0,31.0,35.0,36.0,37.0,38.0,49.0,49.0,50.0,49.0,52.0,53.0,369.1
28,Atacama,3,Freirina,3303.0,7681.0,0.0,0.0,0.0,0.0,0.0,0.0,0.0,0.0,0.0,0.0,0.0,1.0,1.0,1.0,1.0,1.0,1.0,1.0,1.0,1.0,1.0,1.0,1.0,1.0,2.0,2.0,4.0,8.0,16.0,16.0,25.0,33.0,31.0,46.0,46.0,49.0,50.0,651.0
29,Atacama,3,Huasco,3304.0,11264.0,0.0,0.0,0.0,0.0,0.0,0.0,0.0,0.0,0.0,1.0,0.0,0.0,0.0,1.0,1.0,1.0,1.0,1.0,1.0,1.0,1.0,1.0,2.0,5.0,8.0,9.0,11.0,15.0,17.0,21.0,21.0,25.0,25.0,26.0,26.0,26.0,29.0,257.5
30,Atacama,3,Tierra Amarilla,3103.0,14312.0,0.0,0.0,0.0,0.0,0.0,4.0,4.0,4.0,4.0,4.0,5.0,6.0,7.0,9.0,9.0,19.0,22.0,23.0,23.0,23.0,24.0,24.0,25.0,26.0,30.0,35.0,42.0,57.0,67.0,69.0,72.0,85.0,99.0,106.0,116.0,125.0,145.0,1013.1
31,Atacama,3,Vallenar,3301.0,57009.0,0.0,0.0,0.0,0.0,0.0,0.0,0.0,0.0,0.0,0.0,7.0,13.0,17.0,24.0,28.0,41.0,42.0,43.0,46.0,48.0,50.0,56.0,65.0,80.0,84.0,100.0,138.0,181.0,228.0,262.0,308.0,353.0,385.0,395.0,418.0,442.0,451.0,791.1
32,Atacama,3,Desconocido Atacama,,,,,,,,,,,,,,,,,,,,,,,,,,,,,7.0,3.0,9.0,26.0,10.0,12.0,12.0,13.0,14.0,14.0,15.0,
33,Coquimbo,4,Andacollo,4103.0,11791.0,0.0,0.0,0.0,0.0,0.0,0.0,0.0,0.0,0.0,0.0,0.0,0.0,0.0,2.0,3.0,3.0,3.0,3.0,4.0,4.0,13.0,13.0,17.0,19.0,25.0,25.0,26.0,31.0,37.0,38.0,40.0,41.0,41.0,45.0,49.0,51.0,51.0,432.5
34,Coquimbo,4,Canela,4202.0,9546.0,0.0,0.0,0.0,0.0,0.0,0.0,0.0,0.0,0.0,0.0,0.0,0.0,0.0,0.0,1.0,1.0,1.0,1.0,2.0,2.0,2.0,2.0,3.0,4.0,6.0,6.0,6.0,7.0,12.0,14.0,16.0,19.0,19.0,20.0,20.0,21.0,24.0,251.4
35,Coquimbo,4,Combarbala,4302.0,13884.0,0.0,0.0,0.0,0.0,0.0,0.0,0.0,0.0,0.0,0.0,0.0,0.0,0.0,0.0,0.0,2.0,2.0,5.0,6.0,7.0,9.0,14.0,14.0,20.0,20.0,20.0,28.0,31.0,29.0,30.0,30.0,30.0,31.0,31.0,32.0,32.0,33.0,237.7
36,Coquimbo,4,Coquimbo,4102.0,256735.0,17.0,19.0,19.0,19.0,19.0,21.0,21.0,19.0,20.0,23.0,24.0,26.0,29.0,31.0,35.0,38.0,49.0,56.0,67.0,74.0,192.0,202.0,281.0,363.0,470.0,543.0,688.0,804.0,971.0,1044.0,1158.0,1358.0,1481.0,1608.0,1779.0,2017.0,2210.0,860.8
37,Coquimbo,4,Illapel,4201.0,32801.0,0.0,0.0,0.0,7.0,12.0,13.0,17.0,19.0,19.0,18.0,18.0,18.0,18.0,19.0,19.0,19.0,19.0,19.0,19.0,19.0,21.0,25.0,31.0,43.0,53.0,55.0,72.0,90.0,103.0,128.0,145.0,204.0,212.0,222.0,239.0,245.0,255.0,777.4
38,Coquimbo,4,La Higuera,4104.0,4450.0,0.0,0.0,0.0,0.0,0.0,0.0,0.0,0.0,0.0,0.0,0.0,0.0,0.0,0.0,0.0,0.0,0.0,0.0,0.0,0.0,0.0,1.0,2.0,1.0,3.0,3.0,5.0,5.0,4.0,3.0,5.0,10.0,9.0,13.0,20.0,34.0,46.0,1033.7
39,Coquimbo,4,La Serena,4101.0,249656.0,0.0,0.0,8.0,12.0,12.0,12.0,12.0,12.0,12.0,16.0,18.0,19.0,20.0,27.0,33.0,40.0,57.0,63.0,89.0,117.0,145.0,186.0,205.0,260.0,350.0,419.0,543.0,678.0,813.0,874.0,1014.0,1176.0,1261.0,1447.0,1575.0,1709.0,1875.0,751.0
40,Coquimbo,4,Los Vilos,4203.0,23374.0,0.0,0.0,0.0,0.0,0.0,0.0,1.0,1.0,1.0,1.0,1.0,1.0,1.0,1.0,1.0,1.0,1.0,1.0,1.0,1.0,1.0,4.0,6.0,8.0,11.0,13.0,19.0,24.0,39.0,51.0,63.0,67.0,74.0,77.0,79.0,87.0,108.0,462.1
41,Coquimbo,4,Monte Patria,4303.0,32527.0,0.0,0.0,0.0,0.0,0.0,0.0,0.0,0.0,0.0,0.0,0.0,0.0,0.0,0.0,0.0,0.0,3.0,4.0,17.0,20.0,29.0,43.0,55.0,68.0,82.0,100.0,126.0,156.0,177.0,191.0,206.0,219.0,229.0,238.0,248.0,252.0,255.0,784.0
42,Coquimbo,4,Ovalle,4301.0,121269.0,4.0,4.0,4.0,7.0,7.0,8.0,8.0,8.0,8.0,9.0,9.0,9.0,10.0,11.0,16.0,24.0,35.0,48.0,59.0,70.0,97.0,137.0,171.0,257.0,329.0,402.0,588.0,712.0,814.0,863.0,914.0,982.0,1046.0,1065.0,1093.0,1147.0,1169.0,964.0
43,Coquimbo,4,Paiguano,4105.0,4675.0,0.0,0.0,0.0,0.0,0.0,0.0,0.0,0.0,0.0,0.0,0.0,0.0,0.0,0.0,0.0,0.0,0.0,0.0,0.0,0.0,0.0,2.0,3.0,4.0,4.0,5.0,9.0,7.0,7.0,7.0,7.0,7.0,8.0,8.0,9.0,9.0,9.0,192.5
44,Coquimbo,4,Punitaqui,4304.0,12165.0,0.0,0.0,0.0,0.0,0.0,0.0,0.0,0.0,0.0,0.0,1.0,1.0,2.0,3.0,5.0,8.0,8.0,8.0,10.0,11.0,13.0,14.0,17.0,26.0,31.0,33.0,38.0,42.0,49.0,51.0,52.0,63.0,64.0,64.0,76.0,81.0,87.0,715.2
45,Coquimbo,4,Rio Hurtado,4305.0,4372.0,0.0,0.0,0.0,0.0,0.0,0.0,1.0,1.0,1.0,1.0,1.0,1.0,1.0,1.0,1.0,1.0,2.0,2.0,2.0,2.0,2.0,5.0,7.0,10.0,13.0,14.0,16.0,18.0,17.0,17.0,19.0,22.0,22.0,22.0,23.0,25.0,26.0,594.7
46,Coquimbo,4,Salamanca,4204.0,29110.0,0.0,0.0,0.0,4.0,4.0,5.0,6.0,6.0,7.0,7.0,7.0,7.0,7.0,8.0,9.0,10.0,12.0,10.0,11.0,12.0,14.0,19.0,22.0,37.0,42.0,44.0,49.0,55.0,56.0,56.0,57.0,64.0,68.0,73.0,81.0,86.0,111.0,381.3
47,Coquimbo,4,Vicuna,4106.0,29741.0,0.0,0.0,0.0,0.0,0.0,0.0,0.0,0.0,0.0,0.0,0.0,0.0,0.0,1.0,1.0,2.0,5.0,7.0,10.0,12.0,14.0,14.0,17.0,19.0,21.0,23.0,27.0,31.0,34.0,34.0,37.0,48.0,50.0,61.0,98.0,116.0,122.0,410.2
48,Coquimbo,4,Desconocido Coquimbo,,,,,,,,,,,,,,,,,,,,,,,,,,,,,112.0,123.0,120.0,153.0,140.0,159.0,159.0,143.0,139.0,152.0,144.0,
49,Valparaíso,5,Algarrobo,5602.0,15174.0,7.0,7.0,9.0,9.0,8.0,8.0,8.0,9.0,9.0,9.0,9.0,10.0,10.0,10.0,12.0,14.0,19.0,23.0,32.0,33.0,36.0,42.0,48.0,57.0,67.0,72.0,82.0,89.0,96.0,98.0,100.0,101.0,103.0,106.0,107.0,108.0,109.0,718.3
50,Valparaíso,5,Cabildo,5402.0,20663.0,0.0,0.0,0.0,0.0,0.0,0.0,0.0,0.0,0.0,1.0,0.0,3.0,4.0,5.0,5.0,6.0,7.0,9.0,11.0,13.0,18.0,18.0,24.0,32.0,36.0,42.0,75.0,105.0,149.0,161.0,197.0,229.0,252.0,272.0,237.0,277.0,279.0,1350.2
51,Valparaíso,5,Calera,5502.0,53591.0,6.0,6.0,7.0,7.0,9.0,9.0,9.0,11.0,13.0,16.0,22.0,22.0,22.0,22.0,22.0,25.0,28.0,31.0,39.0,42.0,51.0,64.0,82.0,94.0,112.0,141.0,185.0,238.0,285.0,339.0,387.0,450.0,495.0,555.0,564.0,660.0,696.0,1298.7
52,Valparaíso,5,Calle Larga,5302.0,16482.0,0.0,0.0,0.0,0.0,0.0,0.0,2.0,2.0,4.0,5.0,6.0,6.0,6.0,6.0,10.0,10.0,12.0,12.0,20.0,23.0,36.0,44.0,61.0,81.0,90.0,99.0,122.0,142.0,165.0,170.0,182.0,216.0,228.0,236.0,235.0,225.0,233.0,1413.7
53,Valparaíso,5,Cartagena,5603.0,25357.0,0.0,0.0,0.0,0.0,0.0,0.0,2.0,2.0,2.0,2.0,6.0,6.0,8.0,9.0,14.0,15.0,21.0,23.0,31.0,36.0,42.0,46.0,54.0,61.0,66.0,68.0,82.0,102.0,121.0,128.0,136.0,142.0,151.0,159.0,162.0,170.0,174.0,686.2
54,Valparaíso,5,Casablanca,5102.0,29170.0,0.0,0.0,0.0,0.0,0.0,0.0,3.0,3.0,3.0,3.0,3.0,3.0,3.0,3.0,4.0,4.0,13.0,13.0,21.0,21.0,23.0,26.0,35.0,43.0,58.0,63.0,91.0,96.0,127.0,130.0,141.0,151.0,155.0,161.0,156.0,179.0,192.0,658.2
55,Valparaíso,5,Catemu,5702.0,15213.0,0.0,0.0,0.0,0.0,0.0,0.0,0.0,0.0,0.0,0.0,0.0,0.0,0.0,1.0,1.0,2.0,2.0,4.0,5.0,7.0,10.0,10.0,17.0,27.0,38.0,44.0,54.0,57.0,71.0,72.0,78.0,86.0,92.0,99.0,102.0,108.0,115.0,755.9
56,Valparaíso,5,Concon,5103.0,45889.0,0.0,0.0,7.0,7.0,0.0,0.0,6.0,7.0,7.0,7.0,13.0,14.0,19.0,20.0,23.0,25.0,29.0,37.0,43.0,44.0,49.0,66.0,72.0,90.0,105.0,120.0,169.0,192.0,255.0,275.0,352.0,402.0,431.0,455.0,430.0,475.0,479.0,1043.8
57,Valparaíso,5,El Quisco,5604.0,17742.0,0.0,0.0,0.0,0.0,0.0,0.0,3.0,4.0,6.0,8.0,11.0,11.0,11.0,12.0,16.0,18.0,23.0,26.0,30.0,33.0,44.0,51.0,66.0,69.0,82.0,82.0,87.0,97.0,108.0,113.0,120.0,139.0,140.0,146.0,151.0,160.0,167.0,941.3
58,Valparaíso,5,El Tabo,5605.0,14338.0,0.0,0.0,0.0,0.0,0.0,0.0,2.0,3.0,6.0,6.0,9.0,9.0,13.0,13.0,14.0,16.0,23.0,24.0,29.0,31.0,37.0,41.0,61.0,70.0,72.0,72.0,95.0,114.0,128.0,150.0,174.0,182.0,189.0,193.0,176.0,202.0,207.0,1443.7
59,Valparaíso,5,Hijuelas,5503.0,19099.0,0.0,0.0,0.0,0.0,0.0,0.0,0.0,0.0,0.0,1.0,1.0,1.0,1.0,1.0,1.0,1.0,2.0,3.0,5.0,6.0,13.0,18.0,29.0,33.0,38.0,45.0,57.0,75.0,84.0,96.0,107.0,119.0,132.0,148.0,152.0,170.0,177.0,926.8
60,Valparaíso,5,Isla de Pascua,5201.0,8277.0,0.0,5.0,5.0,5.0,5.0,6.0,6.0,6.0,5.0,5.0,5.0,5.0,5.0,5.0,5.0,5.0,5.0,5.0,5.0,5.0,5.0,5.0,5.0,5.0,5.0,5.0,5.0,5.0,5.0,5.0,5.0,5.0,5.0,5.0,5.0,5.0,5.0,60.4
61,Valparaíso,5,Juan Fernandez,5104.0,1033.0,0.0,0.0,0.0,0.0,0.0,0.0,0.0,0.0,0.0,0.0,0.0,0.0,0.0,0.0,0.0,0.0,0.0,0.0,0.0,0.0,0.0,0.0,0.0,0.0,0.0,0.0,0.0,0.0,0.0,0.0,0.0,0.0,0.0,0.0,0.0,0.0,0.0,0.0
62,Valparaíso,5,La Cruz,5504.0,25321.0,0.0,0.0,0.0,0.0,0.0,0.0,5.0,5.0,5.0,7.0,8.0,8.0,9.0,10.0,14.0,17.0,19.0,22.0,24.0,24.0,26.0,28.0,33.0,36.0,49.0,57.0,69.0,75.0,87.0,97.0,112.0,123.0,131.0,142.0,146.0,166.0,183.0,722.7
63,Valparaíso,5,La Ligua,5401.0,37739.0,0.0,0.0,0.0,0.0,0.0,0.0,2.0,2.0,2.0,2.0,2.0,2.0,2.0,3.0,3.0,3.0,3.0,4.0,8.0,9.0,15.0,15.0,28.0,46.0,50.0,68.0,125.0,158.0,187.0,199.0,221.0,255.0,277.0,292.0,282.0,333.0,348.0,922.1
64,Valparaíso,5,Limache,5802.0,49931.0,0.0,0.0,0.0,4.0,5.0,7.0,8.0,13.0,20.0,20.0,23.0,23.0,23.0,22.0,25.0,28.0,47.0,54.0,68.0,79.0,85.0,94.0,125.0,146.0,179.0,205.0,327.0,385.0,453.0,489.0,550.0,611.0,641.0,671.0,610.0,709.0,731.0,1464.0
65,Valparaíso,5,Llaillay,5703.0,26533.0,0.0,0.0,0.0,0.0,0.0,0.0,2.0,2.0,2.0,2.0,2.0,2.0,4.0,4.0,4.0,5.0,11.0,14.0,33.0,37.0,53.0,54.0,67.0,85.0,98.0,114.0,134.0,163.0,186.0,201.0,215.0,232.0,266.0,286.0,288.0,298.0,316.0,1191.0
66,Valparaíso,5,Los Andes,5301.0,68093.0,0.0,0.0,0.0,0.0,6.0,6.0,6.0,7.0,9.0,9.0,6.0,7.0,9.0,9.0,15.0,25.0,28.0,35.0,72.0,92.0,128.0,146.0,194.0,273.0,323.0,370.0,483.0,595.0,663.0,709.0,764.0,819.0,853.0,890.0,917.0,949.0,967.0,1420.1
67,Valparaíso,5,Nogales,5506.0,23490.0,0.0,0.0,0.0,0.0,0.0,0.0,0.0,0.0,0.0,0.0,0.0,0.0,0.0,0.0,0.0,1.0,3.0,5.0,9.0,12.0,14.0,16.0,21.0,25.0,28.0,34.0,50.0,57.0,68.0,77.0,85.0,100.0,108.0,121.0,125.0,150.0,169.0,719.5
68,Valparaíso,5,Olmue,5803.0,19266.0,0.0,0.0,0.0,0.0,0.0,0.0,1.0,1.0,2.0,2.0,2.0,2.0,2.0,2.0,2.0,2.0,3.0,3.0,6.0,8.0,15.0,17.0,24.0,25.0,28.0,36.0,53.0,63.0,71.0,78.0,87.0,100.0,114.0,119.0,116.0,135.0,145.0,752.6
69,Valparaíso,5,Panquehue,5704.0,7633.0,0.0,0.0,0.0,0.0,0.0,0.0,0.0,0.0,0.0,0.0,0.0,0.0,0.0,0.0,0.0,0.0,1.0,1.0,3.0,5.0,8.0,8.0,14.0,17.0,20.0,22.0,42.0,49.0,57.0,59.0,60.0,65.0,74.0,85.0,88.0,106.0,114.0,1493.5
70,Valparaíso,5,Papudo,5403.0,6201.0,0.0,0.0,0.0,0.0,0.0,0.0,0.0,0.0,0.0,0.0,0.0,0.0,0.0,0.0,0.0,0.0,0.0,0.0,4.0,4.0,7.0,7.0,14.0,16.0,17.0,22.0,50.0,58.0,62.0,65.0,69.0,75.0,77.0,75.0,71.0,78.0,81.0,1306.2
71,Valparaíso,5,Petorca,5404.0,10558.0,0.0,0.0,0.0,5.0,4.0,5.0,6.0,6.0,6.0,6.0,6.0,6.0,6.0,6.0,6.0,7.0,7.0,7.0,10.0,11.0,14.0,15.0,21.0,21.0,23.0,25.0,28.0,37.0,48.0,55.0,59.0,72.0,73.0,75.0,67.0,80.0,87.0,824.0
72,Valparaíso,5,Puchuncavi,5105.0,20071.0,0.0,0.0,0.0,0.0,0.0,0.0,0.0,0.0,0.0,0.0,0.0,0.0,0.0,0.0,0.0,0.0,0.0,0.0,4.0,5.0,7.0,15.0,18.0,24.0,35.0,49.0,74.0,82.0,102.0,108.0,126.0,138.0,144.0,153.0,144.0,154.0,159.0,792.2
73,Valparaíso,5,Putaendo,5705.0,17645.0,0.0,0.0,0.0,0.0,0.0,0.0,1.0,2.0,2.0,5.0,5.0,5.0,6.0,6.0,7.0,12.0,12.0,15.0,21.0,22.0,24.0,26.0,34.0,49.0,63.0,72.0,93.0,120.0,141.0,151.0,171.0,182.0,189.0,194.0,193.0,203.0,215.0,1218.5
74,Valparaíso,5,Quillota,5501.0,97572.0,6.0,7.0,9.0,9.0,13.0,13.0,16.0,18.0,19.0,20.0,22.0,22.0,24.0,26.0,28.0,31.0,39.0,48.0,56.0,59.0,66.0,80.0,107.0,138.0,214.0,280.0,537.0,643.0,837.0,894.0,1049.0,1221.0,1291.0,1335.0,1209.0,1401.0,1434.0,1469.7
75,Valparaíso,5,Quilpue,5801.0,167085.0,11.0,10.0,11.0,12.0,15.0,18.0,20.0,21.0,22.0,27.0,30.0,30.0,38.0,40.0,50.0,55.0,88.0,104.0,124.0,155.0,188.0,226.0,285.0,321.0,368.0,410.0,636.0,739.0,927.0,992.0,1139.0,1266.0,1346.0,1408.0,1278.0,1437.0,1472.0,881.0
76,Valparaíso,5,Quintero,5107.0,36135.0,0.0,0.0,0.0,0.0,0.0,4.0,5.0,4.0,4.0,4.0,6.0,9.0,10.0,10.0,14.0,16.0,23.0,29.0,33.0,41.0,56.0,79.0,97.0,122.0,148.0,168.0,212.0,230.0,271.0,282.0,307.0,323.0,333.0,352.0,344.0,369.0,379.0,1048.8
77,Valparaíso,5,Rinconada,5303.0,11263.0,0.0,0.0,0.0,0.0,0.0,0.0,2.0,2.0,2.0,2.0,2.0,2.0,2.0,2.0,3.0,3.0,3.0,5.0,10.0,18.0,26.0,34.0,48.0,53.0,67.0,76.0,90.0,105.0,122.0,128.0,137.0,146.0,151.0,159.0,157.0,161.0,167.0,1482.7
78,Valparaíso,5,San Antonio,5601.0,96761.0,0.0,4.0,8.0,9.0,9.0,13.0,17.0,19.0,28.0,34.0,46.0,53.0,72.0,86.0,125.0,147.0,191.0,225.0,280.0,286.0,359.0,389.0,472.0,538.0,616.0,633.0,749.0,860.0,935.0,983.0,1027.0,1088.0,1112.0,1143.0,1168.0,1208.0,1238.0,1279.4
79,Valparaíso,5,San Esteban,5304.0,20643.0,0.0,0.0,0.0,0.0,0.0,0.0,0.0,0.0,0.0,1.0,1.0,3.0,3.0,3.0,5.0,8.0,9.0,11.0,14.0,17.0,18.0,20.0,29.0,43.0,53.0,61.0,89.0,110.0,125.0,137.0,152.0,170.0,187.0,194.0,197.0,207.0,212.0,1027.0
80,Valparaíso,5,San Felipe,5701.0,83494.0,0.0,0.0,5.0,5.0,6.0,6.0,6.0,6.0,6.0,6.0,6.0,6.0,9.0,9.0,12.0,17.0,30.0,37.0,72.0,87.0,112.0,129.0,187.0,267.0,356.0,403.0,609.0,694.0,789.0,842.0,912.0,978.0,1016.0,1014.0,1012.0,1058.0,1074.0,1286.3
81,Valparaíso,5,Santa Maria,5706.0,16367.0,0.0,0.0,0.0,0.0,0.0,0.0,2.0,2.0,2.0,2.0,2.0,2.0,13.0,16.0,19.0,20.0,20.0,20.0,26.0,26.0,30.0,30.0,33.0,46.0,59.0,62.0,98.0,119.0,136.0,145.0,161.0,179.0,192.0,196.0,205.0,214.0,220.0,1344.2
82,Valparaíso,5,Santo Domingo,5606.0,11934.0,,0.0,0.0,0.0,5.0,5.0,5.0,10.0,11.0,12.0,17.0,17.0,19.0,22.0,21.0,25.0,29.0,33.0,35.0,35.0,38.0,41.0,50.0,57.0,78.0,78.0,98.0,112.0,118.0,119.0,132.0,133.0,137.0,140.0,138.0,144.0,145.0,1215.0
83,Valparaíso,5,Valparaiso,5101.0,315732.0,16.0,26.0,23.0,26.0,36.0,39.0,44.0,45.0,51.0,59.0,67.0,68.0,95.0,109.0,169.0,190.0,255.0,300.0,354.0,412.0,482.0,593.0,765.0,922.0,1114.0,1322.0,1978.0,2270.0,2643.0,2766.0,3038.0,3257.0,3424.0,3506.0,3310.0,3693.0,3789.0,1200.1
84,Valparaíso,5,Villa Alemana,5804.0,139310.0,6.0,8.0,11.0,11.0,12.0,12.0,12.0,12.0,13.0,13.0,14.0,15.0,17.0,19.0,36.0,45.0,64.0,77.0,109.0,122.0,147.0,172.0,233.0,288.0,326.0,370.0,631.0,783.0,910.0,954.0,1098.0,1210.0,1282.0,1308.0,1206.0,1395.0,1416.0,1016.4
85,Valparaíso,5,Vina del Mar,5109.0,361371.0,29.0,38.0,47.0,53.0,66.0,69.0,72.0,75.0,84.0,94.0,103.0,109.0,123.0,135.0,168.0,200.0,275.0,327.0,408.0,476.0,589.0,724.0,861.0,992.0,1168.0,1314.0,1753.0,1992.0,2424.0,2542.0,2816.0,3058.0,3212.0,3337.0,3179.0,3504.0,3571.0,988.2
86,Valparaíso,5,Zapallar,5405.0,7994.0,0.0,0.0,0.0,0.0,0.0,0.0,0.0,0.0,0.0,0.0,0.0,0.0,0.0,0.0,0.0,0.0,0.0,0.0,0.0,0.0,3.0,3.0,3.0,3.0,3.0,3.0,6.0,16.0,25.0,33.0,38.0,47.0,57.0,61.0,57.0,68.0,71.0,888.2
87,Valparaíso,5,Desconocido Valparaiso,,,,,,,,,,,,,,,,,,,,,,,,,,,,,433.0,291.0,291.0,342.0,356.0,382.0,401.0,398.0,413.0,408.0,429.0,
88,Metropolitana,13,Alhue,13502.0,7405.0,0.0,0.0,0.0,0.0,0.0,0.0,0.0,0.0,0.0,0.0,0.0,0.0,0.0,0.0,0.0,0.0,0.0,0.0,2.0,3.0,5.0,7.0,7.0,10.0,16.0,22.0,52.0,63.0,75.0,84.0,98.0,122.0,137.0,151.0,160.0,167.0,180.0,2430.8
89,Metropolitana,13,Buin,13402.0,109641.0,7.0,8.0,14.0,20.0,20.0,29.0,36.0,40.0,43.0,47.0,53.0,60.0,81.0,92.0,114.0,152.0,216.0,258.0,358.0,432.0,471.0,540.0,692.0,815.0,978.0,1044.0,1428.0,1556.0,1701.0,1776.0,1862.0,1998.0,2065.0,2148.0,2185.0,2233.0,2265.0,2065.8
90,Metropolitana,13,Calera de Tango,13403.0,28525.0,6.0,7.0,7.0,7.0,8.0,8.0,10.0,10.0,11.0,14.0,15.0,15.0,17.0,17.0,21.0,23.0,29.0,32.0,50.0,66.0,83.0,93.0,109.0,146.0,186.0,200.0,293.0,342.0,406.0,428.0,463.0,490.0,503.0,530.0,538.0,553.0,560.0,1963.2
91,Metropolitana,13,Cerrillos,13102.0,88956.0,0.0,4.0,4.0,5.0,11.0,21.0,29.0,39.0,48.0,53.0,66.0,80.0,129.0,241.0,308.0,329.0,432.0,485.0,639.0,758.0,876.0,994.0,1123.0,1231.0,1410.0,1545.0,2036.0,2204.0,2384.0,2468.0,2573.0,2706.0,2772.0,2813.0,2850.0,2902.0,2942.0,3307.3
92,Metropolitana,13,Cerro Navia,13103.0,142465.0,19.0,21.0,26.0,31.0,36.0,42.0,57.0,65.0,79.0,99.0,118.0,135.0,179.0,227.0,284.0,387.0,476.0,541.0,851.0,993.0,1230.0,1596.0,1892.0,2149.0,2576.0,3075.0,4313.0,4696.0,5152.0,5307.0,5581.0,5759.0,5861.0,5998.0,6063.0,6179.0,6233.0,4375.1
93,Metropolitana,13,Colina,13301.0,180353.0,32.0,39.0,47.0,50.0,62.0,66.0,74.0,77.0,81.0,90.0,95.0,103.0,129.0,152.0,230.0,289.0,429.0,490.0,781.0,999.0,1259.0,1451.0,1742.0,1986.0,2267.0,2521.0,3335.0,3590.0,3837.0,3945.0,4096.0,4204.0,4287.0,4368.0,4397.0,4435.0,4472.0,2479.6
94,Metropolitana,13,Conchali,13104.0,139195.0,14.0,18.0,22.0,32.0,38.0,47.0,52.0,56.0,64.0,80.0,98.0,113.0,187.0,295.0,406.0,470.0,626.0,708.0,1063.0,1370.0,1773.0,2010.0,2330.0,2542.0,2855.0,3244.0,4315.0,4682.0,5060.0,5189.0,5402.0,5587.0,5704.0,5808.0,5854.0,5908.0,5957.0,4279.6
95,Metropolitana,13,Curacavi,13503.0,36430.0,5.0,5.0,5.0,8.0,9.0,10.0,13.0,14.0,14.0,14.0,15.0,15.0,19.0,23.0,25.0,35.0,65.0,83.0,116.0,149.0,203.0,272.0,335.0,402.0,444.0,477.0,584.0,615.0,676.0,698.0,739.0,774.0,807.0,816.0,833.0,839.0,847.0,2325.0
96,Metropolitana,13,El Bosque,13105.0,172000.0,18.0,28.0,35.0,37.0,46.0,64.0,83.0,93.0,107.0,127.0,145.0,177.0,236.0,275.0,377.0,439.0,612.0,728.0,1026.0,1164.0,1448.0,1654.0,2027.0,2418.0,2784.0,3176.0,4100.0,4464.0,4906.0,5095.0,5393.0,5700.0,5840.0,5981.0,6055.0,6169.0,6217.0,3614.5
97,Metropolitana,13,El Monte,13602.0,40014.0,0.0,0.0,0.0,5.0,7.0,9.0,10.0,10.0,12.0,12.0,13.0,16.0,21.0,21.0,24.0,29.0,31.0,52.0,80.0,91.0,117.0,152.0,215.0,252.0,317.0,412.0,584.0,707.0,799.0,850.0,931.0,989.0,1040.0,1079.0,1093.0,1121.0,1134.0,2834.0
98,Metropolitana,13,Estacion Central,13106.0,206792.0,16.0,22.0,25.0,36.0,41.0,61.0,71.0,89.0,101.0,120.0,162.0,207.0,341.0,447.0,578.0,679.0,954.0,1100.0,1466.0,1700.0,1986.0,2305.0,2617.0,2943.0,3333.0,3650.0,4547.0,4844.0,5180.0,5281.0,5495.0,5648.0,5761.0,5876.0,5922.0,5993.0,6041.0,2921.3
99,Metropolitana,13,Huechuraba,13107.0,112528.0,17.0,19.0,22.0,32.0,35.0,38.0,48.0,53.0,59.0,66.0,77.0,82.0,113.0,150.0,220.0,263.0,375.0,413.0,669.0,840.0,1005.0,1285.0,1452.0,1580.0,1827.0,1983.0,2645.0,2871.0,3093.0,3185.0,3291.0,3387.0,3474.0,3527.0,3571.0,3616.0,3673.0,3264.1
100,Metropolitana,13,Independencia,13108.0,142065.0,15.0,17.0,22.0,26.0,31.0,37.0,52.0,60.0,80.0,115.0,196.0,246.0,431.0,594.0,836.0,992.0,1199.0,1330.0,1699.0,1984.0,2566.0,2923.0,3359.0,3630.0,4056.0,4300.0,5015.0,5316.0,5563.0,5635.0,5782.0,5934.0,6044.0,6123.0,6179.0,6225.0,6265.0,4410.0
101,Metropolitana,13,Isla de Maipo,13603.0,40171.0,0.0,0.0,0.0,4.0,7.0,10.0,10.0,11.0,11.0,11.0,11.0,13.0,14.0,15.0,17.0,20.0,23.0,27.0,41.0,46.0,65.0,88.0,108.0,133.0,174.0,225.0,362.0,440.0,517.0,545.0,598.0,651.0,682.0,742.0,753.0,863.0,915.0,2277.8
102,Metropolitana,13,La Cisterna,13109.0,100434.0,10.0,12.0,12.0,20.0,26.0,34.0,39.0,45.0,47.0,61.0,73.0,84.0,122.0,143.0,205.0,251.0,348.0,427.0,646.0,719.0,845.0,1012.0,1185.0,1391.0,1671.0,1797.0,2236.0,2447.0,2615.0,2689.0,2785.0,2888.0,2932.0,2991.0,3012.0,3055.0,3100.0,3086.6
103,Metropolitana,13,La Florida,13110.0,402433.0,43.0,58.0,67.0,91.0,103.0,126.0,165.0,176.0,211.0,231.0,282.0,328.0,428.0,578.0,824.0,1071.0,1538.0,1887.0,2514.0,3256.0,3927.0,4550.0,5237.0,6031.0,6879.0,7633.0,9515.0,10208.0,11143.0,11510.0,11966.0,12342.0,12589.0,12835.0,12936.0,13038.0,13156.0,3269.1
104,Metropolitana,13,La Granja,13111.0,122557.0,5.0,8.0,16.0,24.0,26.0,36.0,46.0,51.0,60.0,69.0,80.0,95.0,138.0,193.0,276.0,348.0,635.0,800.0,1260.0,1769.0,2206.0,2622.0,2820.0,3294.0,3651.0,3968.0,5102.0,5434.0,5868.0,5978.0,6229.0,6433.0,6558.0,6670.0,6701.0,6798.0,6843.0,5583.5
105,Metropolitana,13,La Pintana,13112.0,189335.0,0.0,10.0,13.0,18.0,25.0,39.0,55.0,70.0,88.0,107.0,128.0,195.0,269.0,345.0,483.0,561.0,840.0,1067.0,1432.0,1804.0,2379.0,2861.0,3339.0,3955.0,4674.0,5192.0,6875.0,7361.0,7928.0,8135.0,8568.0,8807.0,8921.0,9132.0,9245.0,9677.0,9791.0,5171.3
106,Metropolitana,13,La Reina,13113.0,100252.0,24.0,26.0,30.0,35.0,44.0,52.0,54.0,56.0,59.0,62.0,65.0,84.0,108.0,136.0,173.0,195.0,247.0,294.0,384.0,485.0,644.0,735.0,864.0,953.0,1110.0,1225.0,1513.0,1632.0,1766.0,1810.0,1912.0,2003.0,2047.0,2080.0,2086.0,2121.0,2131.0,2125.6
107,Metropolitana,13,Lampa,13302.0,126898.0,10.0,10.0,13.0,14.0,18.0,26.0,37.0,41.0,45.0,48.0,58.0,68.0,96.0,117.0,172.0,197.0,278.0,306.0,463.0,660.0,864.0,989.0,1108.0,1257.0,1437.0,1608.0,2340.0,2582.0,2778.0,2827.0,2962.0,3100.0,3183.0,3247.0,3312.0,3355.0,3389.0,2670.6
108,Metropolitana,13,Las Condes,13114.0,330759.0,181.0,208.0,224.0,258.0,266.0,281.0,296.0,306.0,320.0,326.0,346.0,355.0,409.0,477.0,626.0,738.0,961.0,1084.0,1439.0,1765.0,2141.0,2436.0,2747.0,3034.0,3370.0,3623.0,4192.0,4478.0,4747.0,4866.0,5083.0,5255.0,5354.0,5434.0,5494.0,5577.0,5635.0,1703.7
109,Metropolitana,13,Lo Barnechea,13115.0,124076.0,68.0,78.0,85.0,97.0,105.0,110.0,116.0,125.0,144.0,157.0,170.0,194.0,238.0,273.0,381.0,422.0,520.0,576.0,742.0,892.0,1060.0,1179.0,1366.0,1475.0,1657.0,1759.0,2177.0,2341.0,2610.0,2664.0,2775.0,2847.0,2893.0,2944.0,3039.0,3118.0,3152.0,2540.4
110,Metropolitana,13,Lo Espejo,13116.0,103865.0,4.0,7.0,9.0,15.0,23.0,34.0,48.0,56.0,60.0,67.0,80.0,100.0,130.0,162.0,222.0,258.0,423.0,525.0,788.0,895.0,1061.0,1295.0,1491.0,1743.0,2103.0,2252.0,2835.0,3103.0,3369.0,3496.0,3636.0,3746.0,3834.0,3934.0,3991.0,4043.0,4078.0,3926.3
111,Metropolitana,13,Lo Prado,13117.0,104403.0,14.0,18.0,20.0,25.0,32.0,35.0,43.0,47.0,62.0,75.0,88.0,111.0,170.0,210.0,258.0,329.0,390.0,435.0,617.0,721.0,900.0,1129.0,1347.0,1566.0,1810.0,2208.0,3032.0,3436.0,3774.0,3872.0,4055.0,4211.0,4325.0,4494.0,4572.0,4647.0,4676.0,4478.8
112,Metropolitana,13,Macul,13118.0,134635.0,10.0,15.0,23.0,34.0,37.0,43.0,49.0,51.0,57.0,64.0,89.0,110.0,136.0,181.0,272.0,336.0,524.0,671.0,949.0,1157.0,1412.0,1684.0,1909.0,2149.0,2473.0,2708.0,3501.0,3779.0,4050.0,4137.0,4284.0,4436.0,4523.0,4599.0,4633.0,4703.0,4734.0,3516.2
113,Metropolitana,13,Maipu,13119.0,578605.0,43.0,55.0,64.0,83.0,106.0,167.0,203.0,241.0,284.0,312.0,364.0,399.0,480.0,580.0,718.0,844.0,1212.0,1347.0,2000.0,2537.0,3193.0,3765.0,4499.0,5273.0,6272.0,7041.0,9361.0,10240.0,11312.0,11666.0,12306.0,12902.0,13272.0,13561.0,13656.0,13848.0,13960.0,2412.7
114,Metropolitana,13,Maria Pinto,13504.0,14926.0,0.0,0.0,0.0,0.0,0.0,0.0,0.0,0.0,1.0,1.0,1.0,1.0,3.0,3.0,3.0,3.0,3.0,5.0,12.0,16.0,28.0,50.0,69.0,83.0,97.0,114.0,166.0,191.0,223.0,242.0,270.0,291.0,303.0,318.0,327.0,344.0,351.0,2351.6
115,Metropolitana,13,Melipilla,13501.0,141612.0,6.0,8.0,9.0,11.0,12.0,16.0,17.0,19.0,25.0,35.0,40.0,48.0,74.0,110.0,119.0,136.0,168.0,197.0,310.0,412.0,533.0,693.0,887.0,1060.0,1286.0,1528.0,2044.0,2375.0,2673.0,2808.0,3051.0,3291.0,3408.0,3524.0,3571.0,3634.0,3696.0,2609.9
116,Metropolitana,13,Nunoa,13120.0,250192.0,67.0,84.0,93.0,107.0,118.0,155.0,171.0,188.0,217.0,240.0,269.0,291.0,329.0,365.0,435.0,480.0,692.0,792.0,1091.0,1315.0,1662.0,1940.0,2250.0,2533.0,2955.0,3184.0,3894.0,4202.0,4532.0,4676.0,4832.0,5000.0,5093.0,5167.0,5198.0,5278.0,5285.0,2112.4
117,Metropolitana,13,Padre Hurtado,13604.0,74188.0,10.0,11.0,14.0,16.0,18.0,20.0,26.0,27.0,28.0,32.0,35.0,40.0,55.0,66.0,79.0,96.0,125.0,135.0,202.0,243.0,300.0,378.0,484.0,548.0,692.0,838.0,1191.0,1392.0,1546.0,1639.0,1724.0,1840.0,1902.0,1953.0,1992.0,2017.0,2042.0,2752.5
118,Metropolitana,13,Paine,13404.0,82766.0,0.0,0.0,0.0,0.0,0.0,7.0,8.0,9.0,10.0,11.0,13.0,15.0,21.0,26.0,47.0,56.0,108.0,126.0,177.0,198.0,249.0,273.0,347.0,390.0,515.0,564.0,971.0,1096.0,1266.0,1335.0,1470.0,1582.0,1650.0,1730.0,1749.0,1775.0,1794.0,2167.6
119,Metropolitana,13,Pedro Aguirre Cerda,13121.0,107803.0,7.0,13.0,13.0,16.0,19.0,36.0,54.0,70.0,78.0,89.0,109.0,129.0,180.0,229.0,294.0,349.0,525.0,657.0,890.0,994.0,1149.0,1314.0,1441.0,1684.0,1962.0,2171.0,2884.0,3181.0,3439.0,3528.0,3677.0,3826.0,3922.0,4013.0,4052.0,4133.0,4170.0,3868.2
120,Metropolitana,13,Penaflor,13605.0,101058.0,10.0,13.0,13.0,18.0,18.0,20.0,25.0,26.0,29.0,35.0,44.0,51.0,67.0,76.0,87.0,102.0,130.0,155.0,222.0,274.0,363.0,446.0,574.0,674.0,831.0,1006.0,1544.0,1806.0,2117.0,2178.0,2325.0,2437.0,2516.0,2648.0,2663.0,2721.0,2753.0,2724.2
121,Metropolitana,13,Penalolen,13122.0,266798.0,31.0,46.0,54.0,65.0,78.0,98.0,131.0,137.0,162.0,187.0,209.0,254.0,322.0,404.0,570.0,779.0,1157.0,1469.0,2160.0,2878.0,3505.0,4207.0,4899.0,5552.0,6360.0,6811.0,8368.0,9115.0,9745.0,9952.0,10300.0,10589.0,10796.0,11075.0,11136.0,11281.0,11384.0,4266.9
122,Metropolitana,13,Pirque,13202.0,30433.0,0.0,0.0,0.0,4.0,4.0,9.0,10.0,12.0,13.0,14.0,16.0,19.0,30.0,43.0,51.0,58.0,92.0,107.0,136.0,169.0,231.0,289.0,324.0,388.0,418.0,453.0,725.0,799.0,848.0,879.0,931.0,982.0,1013.0,1029.0,1035.0,1056.0,1058.0,3476.5
123,Metropolitana,13,Providencia,13123.0,157749.0,82.0,87.0,94.0,104.0,115.0,129.0,136.0,147.0,164.0,180.0,196.0,200.0,226.0,250.0,309.0,372.0,472.0,520.0,706.0,846.0,1071.0,1201.0,1403.0,1542.0,1737.0,1821.0,2207.0,2346.0,2515.0,2591.0,2719.0,2833.0,2905.0,2944.0,2971.0,3040.0,3084.0,1955.0
124,Metropolitana,13,Pudahuel,13124.0,253139.0,17.0,25.0,32.0,44.0,52.0,67.0,78.0,88.0,103.0,118.0,137.0,167.0,233.0,288.0,372.0,491.0,622.0,744.0,1095.0,1376.0,1728.0,2288.0,2831.0,3201.0,3906.0,4840.0,6495.0,7236.0,7880.0,8128.0,8443.0,8752.0,8978.0,9158.0,9265.0,9368.0,9415.0,3719.3
125,Metropolitana,13,Puente Alto,13201.0,645909.0,45.0,58.0,76.0,119.0,166.0,239.0,322.0,374.0,472.0,562.0,688.0,764.0,889.0,1129.0,1404.0,1658.0,2165.0,2780.0,3658.0,4495.0,5770.0,6698.0,7939.0,9143.0,10804.0,12212.0,15682.0,16920.0,18366.0,18932.0,19797.0,20536.0,20923.0,21296.0,21568.0,21893.0,22105.0,3422.3
126,Metropolitana,13,Quilicura,13125.0,254694.0,17.0,29.0,33.0,51.0,57.0,79.0,94.0,101.0,112.0,129.0,164.0,236.0,423.0,546.0,758.0,826.0,1080.0,1193.0,1593.0,1968.0,2644.0,3091.0,3546.0,3887.0,4591.0,5053.0,6546.0,7061.0,7540.0,7684.0,7976.0,8211.0,8340.0,8463.0,8555.0,8672.0,8729.0,3427.2
127,Metropolitana,13,Quinta Normal,13126.0,136368.0,21.0,25.0,35.0,41.0,57.0,69.0,84.0,105.0,125.0,149.0,172.0,194.0,262.0,306.0,377.0,459.0,560.0,627.0,879.0,1036.0,1255.0,1548.0,1897.0,2088.0,2511.0,2989.0,4041.0,4363.0,4660.0,4801.0,5016.0,5223.0,5358.0,5468.0,5527.0,5643.0,5695.0,4176.2
128,Metropolitana,13,Recoleta,13127.0,190075.0,17.0,23.0,32.0,44.0,52.0,61.0,73.0,81.0,107.0,126.0,174.0,226.0,398.0,602.0,889.0,1028.0,1330.0,1516.0,2135.0,2560.0,3287.0,3623.0,4040.0,4358.0,4716.0,5124.0,6543.0,6935.0,7311.0,7446.0,7652.0,7820.0,7932.0,8045.0,8067.0,8139.0,8205.0,4316.7
129,Metropolitana,13,Renca,13128.0,160847.0,9.0,14.0,18.0,19.0,22.0,28.0,42.0,50.0,70.0,82.0,107.0,131.0,185.0,255.0,342.0,418.0,510.0,605.0,967.0,1129.0,1374.0,1675.0,2180.0,2504.0,2884.0,3567.0,4766.0,5383.0,5997.0,6408.0,6761.0,7075.0,7273.0,7419.0,7589.0,7848.0,8032.0,4993.6
130,Metropolitana,13,San Bernardo,13401.0,334836.0,32.0,41.0,53.0,74.0,79.0,117.0,140.0,156.0,198.0,237.0,318.0,372.0,435.0,544.0,683.0,773.0,1018.0,1247.0,1807.0,2116.0,2539.0,2877.0,3408.0,3845.0,4688.0,5280.0,7055.0,7726.0,8626.0,8974.0,9436.0,9831.0,10089.0,10310.0,10426.0,10576.0,10679.0,3189.3
131,Metropolitana,13,San Joaquin,13129.0,103485.0,13.0,24.0,28.0,36.0,42.0,52.0,58.0,68.0,84.0,101.0,118.0,149.0,183.0,267.0,395.0,475.0,727.0,904.0,1325.0,1427.0,1603.0,1874.0,2068.0,2255.0,2534.0,2712.0,3449.0,3684.0,3937.0,4074.0,4254.0,4400.0,4522.0,4638.0,4689.0,4771.0,4802.0,4640.3
132,Metropolitana,13,San Jose de Maipo,13203.0,18644.0,0.0,0.0,0.0,0.0,0.0,4.0,4.0,4.0,4.0,4.0,7.0,8.0,12.0,23.0,35.0,42.0,61.0,73.0,102.0,137.0,186.0,222.0,232.0,277.0,319.0,342.0,430.0,459.0,493.0,508.0,531.0,548.0,552.0,575.0,585.0,597.0,617.0,3309.4
133,Metropolitana,13,San Miguel,13130.0,133059.0,25.0,32.0,39.0,49.0,56.0,69.0,86.0,97.0,111.0,131.0,152.0,173.0,213.0,255.0,350.0,405.0,563.0,665.0,1015.0,1205.0,1444.0,1687.0,1988.0,2286.0,2597.0,2796.0,3644.0,3945.0,4249.0,4353.0,4523.0,4685.0,4782.0,4879.0,4942.0,4975.0,4961.0,3728.4
134,Metropolitana,13,San Pedro,13505.0,11953.0,0.0,0.0,0.0,0.0,0.0,0.0,0.0,0.0,0.0,1.0,2.0,2.0,8.0,10.0,12.0,15.0,17.0,18.0,25.0,26.0,33.0,37.0,44.0,49.0,58.0,77.0,109.0,127.0,153.0,169.0,185.0,198.0,211.0,211.0,213.0,219.0,221.0,1848.9
135,Metropolitana,13,San Ramon,13131.0,86510.0,0.0,6.0,9.0,9.0,12.0,18.0,20.0,27.0,32.0,42.0,66.0,90.0,144.0,220.0,327.0,381.0,638.0,719.0,1069.0,1329.0,1543.0,1698.0,1841.0,2107.0,2332.0,2549.0,3318.0,3510.0,3735.0,3825.0,3960.0,4084.0,4179.0,4250.0,4296.0,4350.0,4368.0,5049.1
136,Metropolitana,13,Santiago,13101.0,503147.0,127.0,156.0,173.0,234.0,271.0,321.0,375.0,404.0,463.0,500.0,608.0,700.0,980.0,1294.0,1666.0,1873.0,2627.0,2961.0,3935.0,4618.0,5617.0,6278.0,7089.0,7786.0,8818.0,9412.0,11123.0,11831.0,12481.0,12728.0,13146.0,13592.0,13852.0,14041.0,14142.0,14329.0,14463.0,2874.5
137,Metropolitana,13,Talagante,13601.0,81838.0,0.0,5.0,6.0,11.0,14.0,18.0,21.0,24.0,26.0,27.0,30.0,33.0,37.0,42.0,48.0,68.0,88.0,105.0,155.0,183.0,224.0,276.0,343.0,432.0,518.0,602.0,826.0,973.0,1146.0,1231.0,1332.0,1418.0,1480.0,1526.0,1537.0,1562.0,1594.0,1947.8
138,Metropolitana,13,Tiltil,13303.0,21477.0,0.0,0.0,0.0,0.0,4.0,4.0,4.0,4.0,4.0,5.0,5.0,5.0,9.0,12.0,12.0,13.0,21.0,24.0,40.0,69.0,112.0,121.0,134.0,140.0,185.0,226.0,351.0,405.0,442.0,453.0,488.0,505.0,518.0,523.0,527.0,541.0,548.0,2551.6
139,Metropolitana,13,Vitacura,13132.0,96774.0,83.0,90.0,100.0,114.0,114.0,119.0,127.0,128.0,130.0,132.0,133.0,138.0,152.0,164.0,211.0,251.0,325.0,370.0,485.0,569.0,646.0,712.0,780.0,859.0,936.0,992.0,1107.0,1159.0,1234.0,1275.0,1341.0,1361.0,1380.0,1407.0,1420.0,1446.0,1463.0,1511.8
140,Metropolitana,13,Desconocido Metropolitana,,,,,,,,,,,,,,,,,,,,,,,,,,,,,17813.0,18646.0,18109.0,19089.0,19020.0,18896.0,18678.0,18313.0,18219.0,17499.0,17255.0,
141,O’Higgins,6,Chepica,6302.0,15925.0,0.0,0.0,0.0,0.0,0.0,0.0,0.0,0.0,0.0,0.0,0.0,0.0,0.0,0.0,0.0,0.0,1.0,3.0,6.0,6.0,6.0,8.0,6.0,8.0,9.0,21.0,37.0,50.0,58.0,66.0,79.0,98.0,111.0,128.0,135.0,139.0,148.0,929.4
142,O’Higgins,6,Chimbarongo,6303.0,37696.0,0.0,0.0,0.0,0.0,0.0,0.0,2.0,4.0,4.0,2.0,2.0,2.0,2.0,2.0,2.0,2.0,5.0,5.0,6.0,11.0,16.0,19.0,23.0,32.0,42.0,46.0,57.0,71.0,90.0,99.0,113.0,129.0,138.0,150.0,157.0,167.0,175.0,464.2
143,O’Higgins,6,Codegua,6102.0,14096.0,0.0,0.0,0.0,0.0,0.0,0.0,0.0,0.0,0.0,1.0,1.0,1.0,2.0,2.0,2.0,3.0,3.0,4.0,6.0,6.0,8.0,9.0,11.0,14.0,18.0,25.0,39.0,57.0,84.0,97.0,113.0,126.0,135.0,163.0,170.0,189.0,195.0,1383.4
144,O’Higgins,6,Coinco,6103.0,7831.0,0.0,0.0,0.0,0.0,0.0,0.0,0.0,0.0,0.0,0.0,1.0,1.0,1.0,1.0,2.0,2.0,4.0,5.0,8.0,9.0,14.0,14.0,17.0,19.0,23.0,26.0,36.0,44.0,59.0,64.0,70.0,82.0,89.0,93.0,99.0,106.0,110.0,1404.7
145,O’Higgins,6,Coltauco,6104.0,21263.0,0.0,0.0,0.0,0.0,0.0,0.0,0.0,0.0,0.0,0.0,0.0,0.0,0.0,0.0,1.0,3.0,9.0,16.0,16.0,17.0,22.0,25.0,28.0,30.0,33.0,39.0,51.0,71.0,81.0,90.0,99.0,119.0,122.0,139.0,149.0,174.0,193.0,907.7
146,O’Higgins,6,Donihue,6105.0,22700.0,0.0,0.0,0.0,0.0,0.0,0.0,0.0,0.0,0.0,0.0,1.0,1.0,2.0,2.0,4.0,6.0,10.0,14.0,20.0,23.0,31.0,32.0,35.0,45.0,50.0,56.0,93.0,138.0,186.0,207.0,264.0,295.0,307.0,336.0,357.0,373.0,380.0,1674.0
147,O’Higgins,6,Graneros,6106.0,36504.0,0.0,0.0,0.0,0.0,0.0,0.0,0.0,0.0,0.0,0.0,2.0,2.0,2.0,2.0,10.0,17.0,23.0,27.0,32.0,36.0,45.0,45.0,47.0,61.0,72.0,96.0,153.0,207.0,257.0,278.0,306.0,363.0,389.0,409.0,419.0,450.0,456.0,1249.2
148,O’Higgins,6,La Estrella,6202.0,3114.0,0.0,0.0,0.0,0.0,0.0,0.0,0.0,0.0,0.0,0.0,0.0,0.0,0.0,0.0,0.0,0.0,0.0,0.0,0.0,0.0,0.0,0.0,1.0,1.0,3.0,7.0,11.0,11.0,20.0,25.0,30.0,31.0,31.0,31.0,33.0,34.0,34.0,1091.8
149,O’Higgins,6,Las Cabras,6107.0,26749.0,0.0,0.0,0.0,0.0,0.0,0.0,0.0,1.0,1.0,1.0,3.0,3.0,4.0,10.0,10.0,10.0,12.0,12.0,13.0,13.0,15.0,15.0,20.0,23.0,23.0,26.0,40.0,57.0,86.0,96.0,121.0,137.0,160.0,170.0,181.0,190.0,194.0,725.3
150,O’Higgins,6,Litueche,6203.0,6765.0,0.0,0.0,0.0,0.0,0.0,0.0,0.0,0.0,0.0,0.0,1.0,3.0,7.0,8.0,8.0,8.0,9.0,9.0,11.0,11.0,11.0,11.0,13.0,14.0,18.0,21.0,36.0,46.0,55.0,57.0,61.0,73.0,73.0,73.0,74.0,77.0,78.0,1153.0
151,O’Higgins,6,Lolol,6304.0,7289.0,0.0,0.0,0.0,0.0,0.0,0.0,0.0,0.0,0.0,0.0,0.0,0.0,0.0,0.0,0.0,0.0,0.0,1.0,3.0,3.0,3.0,3.0,10.0,11.0,12.0,15.0,24.0,27.0,39.0,40.0,45.0,45.0,45.0,45.0,45.0,46.0,46.0,631.1
152,O’Higgins,6,Machali,6108.0,59913.0,0.0,6.0,7.0,8.0,8.0,8.0,8.0,8.0,9.0,10.0,16.0,16.0,16.0,16.0,19.0,20.0,24.0,26.0,29.0,37.0,44.0,49.0,66.0,88.0,100.0,119.0,218.0,346.0,540.0,627.0,731.0,802.0,835.0,876.0,891.0,934.0,945.0,1577.3
153,O’Higgins,6,Malloa,6109.0,14163.0,0.0,0.0,0.0,0.0,0.0,0.0,0.0,0.0,0.0,0.0,0.0,0.0,0.0,0.0,0.0,0.0,1.0,2.0,2.0,3.0,4.0,4.0,4.0,4.0,8.0,9.0,23.0,25.0,42.0,46.0,52.0,61.0,72.0,84.0,89.0,104.0,114.0,804.9
154,O’Higgins,6,Marchihue,6204.0,7632.0,0.0,0.0,0.0,0.0,0.0,0.0,0.0,0.0,0.0,0.0,0.0,0.0,0.0,0.0,0.0,0.0,0.0,0.0,0.0,0.0,0.0,0.0,1.0,4.0,4.0,7.0,12.0,12.0,12.0,13.0,13.0,16.0,17.0,19.0,22.0,27.0,27.0,353.8
155,O’Higgins,6,Mostazal,6110.0,27462.0,0.0,0.0,0.0,0.0,0.0,0.0,0.0,0.0,0.0,0.0,0.0,0.0,0.0,1.0,1.0,3.0,4.0,7.0,7.0,9.0,13.0,16.0,20.0,30.0,34.0,48.0,88.0,112.0,140.0,150.0,171.0,193.0,202.0,220.0,223.0,232.0,236.0,859.4
156,O’Higgins,6,Nancagua,6305.0,19141.0,0.0,0.0,0.0,0.0,0.0,0.0,0.0,0.0,0.0,0.0,0.0,0.0,1.0,1.0,1.0,2.0,3.0,4.0,5.0,8.0,12.0,13.0,16.0,18.0,27.0,43.0,49.0,50.0,54.0,56.0,66.0,74.0,79.0,83.0,86.0,91.0,91.0,475.4
157,O’Higgins,6,Navidad,6205.0,6904.0,0.0,0.0,0.0,0.0,0.0,0.0,0.0,0.0,0.0,0.0,0.0,0.0,2.0,2.0,2.0,4.0,8.0,8.0,10.0,10.0,10.0,11.0,13.0,18.0,20.0,27.0,42.0,51.0,52.0,52.0,52.0,72.0,71.0,74.0,76.0,76.0,75.0,1086.3
158,O’Higgins,6,Olivar,6111.0,14624.0,0.0,0.0,0.0,0.0,0.0,0.0,6.0,7.0,7.0,6.0,6.0,6.0,6.0,6.0,6.0,7.0,13.0,14.0,16.0,18.0,19.0,20.0,25.0,27.0,30.0,36.0,60.0,70.0,97.0,112.0,132.0,168.0,173.0,179.0,181.0,189.0,195.0,1333.4
159,O’Higgins,6,Palmilla,6306.0,13299.0,0.0,0.0,0.0,0.0,0.0,0.0,0.0,0.0,0.0,0.0,0.0,0.0,0.0,0.0,0.0,0.0,0.0,0.0,0.0,3.0,3.0,3.0,4.0,4.0,6.0,10.0,15.0,19.0,26.0,27.0,28.0,32.0,33.0,37.0,37.0,39.0,39.0,293.3
160,O’Higgins,6,Paredones,6206.0,6349.0,0.0,0.0,0.0,0.0,0.0,0.0,0.0,0.0,0.0,0.0,0.0,0.0,0.0,0.0,0.0,0.0,0.0,2.0,2.0,2.0,2.0,2.0,2.0,3.0,4.0,6.0,9.0,11.0,11.0,11.0,11.0,14.0,14.0,15.0,19.0,20.0,20.0,315.0
161,O’Higgins,6,Peralillo,6307.0,11848.0,0.0,0.0,0.0,0.0,0.0,0.0,0.0,0.0,0.0,0.0,0.0,0.0,0.0,0.0,0.0,0.0,0.0,0.0,2.0,2.0,2.0,3.0,6.0,9.0,21.0,29.0,36.0,40.0,41.0,43.0,47.0,48.0,49.0,51.0,53.0,53.0,53.0,447.3
162,O’Higgins,6,Peumo,6112.0,14952.0,0.0,0.0,0.0,0.0,0.0,0.0,1.0,1.0,1.0,1.0,1.0,1.0,2.0,2.0,3.0,3.0,4.0,4.0,5.0,6.0,7.0,7.0,7.0,8.0,9.0,12.0,15.0,17.0,22.0,23.0,25.0,29.0,37.0,44.0,52.0,60.0,62.0,414.7
163,O’Higgins,6,Pichidegua,6113.0,20743.0,0.0,0.0,0.0,0.0,0.0,0.0,0.0,0.0,0.0,0.0,0.0,0.0,0.0,0.0,1.0,1.0,2.0,5.0,6.0,8.0,9.0,11.0,12.0,12.0,15.0,15.0,24.0,33.0,54.0,61.0,79.0,101.0,111.0,123.0,127.0,139.0,149.0,718.3
164,O’Higgins,6,Pichilemu,6201.0,17882.0,0.0,0.0,0.0,0.0,0.0,0.0,0.0,0.0,0.0,0.0,0.0,0.0,0.0,0.0,0.0,1.0,1.0,4.0,5.0,8.0,8.0,9.0,11.0,14.0,15.0,16.0,21.0,30.0,34.0,35.0,36.0,45.0,48.0,50.0,53.0,54.0,54.0,302.0
165,O’Higgins,6,Placilla,6308.0,9164.0,0.0,0.0,0.0,0.0,0.0,0.0,1.0,2.0,2.0,1.0,1.0,1.0,1.0,1.0,1.0,1.0,2.0,4.0,4.0,6.0,6.0,7.0,8.0,13.0,16.0,20.0,29.0,29.0,32.0,35.0,40.0,50.0,52.0,55.0,56.0,62.0,64.0,698.4
166,O’Higgins,6,Pumanque,6309.0,3531.0,0.0,0.0,0.0,0.0,0.0,0.0,0.0,0.0,0.0,0.0,0.0,0.0,0.0,0.0,0.0,0.0,0.0,0.0,0.0,0.0,0.0,1.0,1.0,1.0,1.0,2.0,3.0,4.0,4.0,4.0,4.0,4.0,4.0,4.0,4.0,4.0,4.0,113.3
167,O’Higgins,6,Quinta de Tilcoco,6114.0,13877.0,0.0,0.0,0.0,0.0,0.0,0.0,3.0,3.0,3.0,1.0,1.0,1.0,1.0,1.0,1.0,1.0,1.0,2.0,2.0,2.0,2.0,2.0,4.0,4.0,5.0,7.0,14.0,24.0,40.0,49.0,59.0,71.0,78.0,83.0,86.0,95.0,104.0,749.4
168,O’Higgins,6,Rancagua,6101.0,265211.0,7.0,7.0,9.0,15.0,15.0,15.0,15.0,15.0,15.0,22.0,28.0,32.0,38.0,45.0,61.0,82.0,128.0,170.0,195.0,243.0,326.0,354.0,442.0,547.0,742.0,904.0,1721.0,2477.0,3257.0,3634.0,4160.0,4698.0,4948.0,5169.0,5269.0,5480.0,5558.0,2095.7
169,O’Higgins,6,Rengo,6115.0,63710.0,0.0,0.0,0.0,0.0,0.0,0.0,1.0,1.0,1.0,2.0,3.0,7.0,8.0,10.0,9.0,11.0,14.0,21.0,22.0,27.0,35.0,38.0,47.0,51.0,82.0,98.0,190.0,271.0,381.0,416.0,519.0,688.0,747.0,839.0,855.0,910.0,958.0,1503.7
170,O’Higgins,6,Requinoa,6116.0,30371.0,0.0,0.0,0.0,0.0,0.0,0.0,1.0,1.0,1.0,2.0,3.0,4.0,4.0,4.0,5.0,5.0,8.0,9.0,10.0,10.0,19.0,20.0,31.0,36.0,43.0,51.0,98.0,139.0,204.0,222.0,259.0,296.0,316.0,344.0,347.0,365.0,376.0,1238.0
171,O’Higgins,6,San Fernando,6301.0,78642.0,0.0,4.0,4.0,4.0,4.0,4.0,4.0,5.0,5.0,6.0,5.0,5.0,5.0,6.0,6.0,6.0,10.0,14.0,14.0,17.0,25.0,34.0,46.0,57.0,71.0,80.0,111.0,136.0,190.0,210.0,244.0,294.0,313.0,342.0,355.0,393.0,422.0,536.6
172,O’Higgins,6,San Vicente,6117.0,50617.0,0.0,0.0,4.0,4.0,4.0,4.0,4.0,4.0,4.0,4.0,4.0,4.0,8.0,9.0,11.0,14.0,20.0,25.0,35.0,40.0,43.0,45.0,51.0,52.0,67.0,81.0,122.0,164.0,205.0,218.0,249.0,278.0,306.0,328.0,343.0,406.0,426.0,841.6
173,O’Higgins,6,Santa Cruz,6310.0,41096.0,0.0,0.0,0.0,0.0,0.0,0.0,2.0,2.0,2.0,1.0,2.0,2.0,2.0,2.0,2.0,3.0,5.0,6.0,11.0,12.0,13.0,15.0,19.0,22.0,35.0,46.0,65.0,77.0,88.0,92.0,107.0,127.0,133.0,149.0,150.0,166.0,176.0,428.3
174,O’Higgins,6,Desconocido O’Higgins,,,,,,,,,,,,,,,,,,,,,,,,,,,,,122.0,150.0,0.0,168.0,129.0,86.0,97.0,96.0,90.0,86.0,89.0,
175,Maule,7,Cauquenes,7201.0,44143.0,0.0,0.0,0.0,4.0,4.0,4.0,4.0,4.0,8.0,10.0,12.0,13.0,13.0,13.0,13.0,14.0,20.0,23.0,26.0,32.0,44.0,63.0,91.0,143.0,141.0,164.0,216.0,250.0,271.0,293.0,317.0,328.0,348.0,379.0,386.0,386.0,396.0,897.1
176,Maule,7,Chanco,7202.0,9331.0,0.0,0.0,0.0,0.0,0.0,0.0,0.0,0.0,0.0,2.0,2.0,3.0,3.0,3.0,3.0,3.0,3.0,3.0,3.0,3.0,3.0,4.0,4.0,6.0,11.0,13.0,17.0,26.0,29.0,29.0,29.0,30.0,34.0,39.0,43.0,46.0,47.0,503.7
177,Maule,7,Colbun,7402.0,22565.0,0.0,4.0,4.0,5.0,5.0,5.0,5.0,5.0,6.0,5.0,6.0,6.0,6.0,6.0,6.0,9.0,10.0,13.0,19.0,20.0,32.0,33.0,42.0,46.0,53.0,60.0,84.0,98.0,112.0,116.0,122.0,143.0,146.0,154.0,165.0,176.0,186.0,824.3
178,Maule,7,Constitucion,7102.0,50348.0,0.0,0.0,0.0,0.0,5.0,5.0,5.0,4.0,11.0,11.0,18.0,19.0,21.0,23.0,23.0,23.0,26.0,27.0,28.0,31.0,33.0,35.0,39.0,42.0,50.0,62.0,81.0,118.0,143.0,172.0,199.0,216.0,230.0,253.0,270.0,320.0,348.0,691.2
179,Maule,7,Curepto,7103.0,9426.0,0.0,0.0,0.0,0.0,0.0,0.0,3.0,3.0,3.0,7.0,8.0,8.0,8.0,8.0,8.0,9.0,9.0,10.0,12.0,14.0,12.0,13.0,13.0,13.0,13.0,14.0,15.0,23.0,29.0,30.0,34.0,38.0,39.0,40.0,41.0,45.0,46.0,488.0
180,Maule,7,Curico,7301.0,163626.0,6.0,8.0,11.0,13.0,13.0,17.0,20.0,23.0,24.0,31.0,31.0,37.0,45.0,45.0,51.0,56.0,63.0,83.0,116.0,163.0,231.0,279.0,429.0,534.0,677.0,780.0,998.0,1190.0,1315.0,1414.0,1504.0,1626.0,1688.0,1781.0,1833.0,1912.0,1972.0,1205.2
181,Maule,7,Empedrado,7104.0,4206.0,0.0,0.0,0.0,0.0,0.0,0.0,0.0,0.0,0.0,0.0,0.0,0.0,0.0,0.0,0.0,0.0,0.0,0.0,0.0,0.0,0.0,0.0,0.0,1.0,1.0,3.0,7.0,19.0,23.0,26.0,26.0,27.0,27.0,29.0,29.0,30.0,30.0,713.3
182,Maule,7,Hualane,7302.0,10222.0,0.0,0.0,0.0,0.0,0.0,0.0,0.0,0.0,0.0,0.0,0.0,0.0,0.0,0.0,0.0,0.0,0.0,0.0,1.0,7.0,18.0,21.0,46.0,63.0,76.0,81.0,102.0,104.0,112.0,112.0,113.0,113.0,113.0,113.0,113.0,115.0,115.0,1125.0
183,Maule,7,Licanten,7303.0,6989.0,0.0,0.0,0.0,0.0,0.0,0.0,0.0,0.0,1.0,2.0,2.0,2.0,2.0,2.0,2.0,2.0,2.0,2.0,2.0,2.0,2.0,2.0,2.0,2.0,8.0,8.0,13.0,15.0,18.0,19.0,19.0,20.0,20.0,20.0,20.0,21.0,22.0,314.8
184,Maule,7,Linares,7401.0,101073.0,4.0,6.0,10.0,11.0,12.0,13.0,13.0,13.0,15.0,22.0,22.0,24.0,27.0,27.0,31.0,34.0,46.0,49.0,60.0,65.0,75.0,84.0,103.0,107.0,129.0,162.0,224.0,280.0,342.0,381.0,437.0,493.0,534.0,571.0,591.0,634.0,682.0,674.8
185,Maule,7,Longavi,7403.0,32810.0,0.0,0.0,0.0,0.0,0.0,0.0,2.0,2.0,3.0,3.0,4.0,4.0,4.0,4.0,6.0,7.0,10.0,13.0,19.0,20.0,27.0,31.0,44.0,49.0,68.0,94.0,137.0,160.0,175.0,178.0,195.0,220.0,235.0,250.0,254.0,256.0,261.0,795.5
186,Maule,7,Maule,7105.0,60000.0,0.0,0.0,0.0,0.0,0.0,0.0,4.0,5.0,10.0,13.0,22.0,22.0,23.0,23.0,24.0,24.0,28.0,29.0,36.0,45.0,50.0,52.0,78.0,90.0,105.0,111.0,146.0,162.0,209.0,220.0,257.0,301.0,325.0,347.0,370.0,402.0,423.0,705.0
187,Maule,7,Molina,7304.0,49800.0,0.0,0.0,0.0,0.0,0.0,0.0,3.0,3.0,4.0,5.0,7.0,7.0,7.0,7.0,8.0,9.0,8.0,8.0,10.0,13.0,20.0,23.0,33.0,46.0,55.0,62.0,83.0,104.0,154.0,174.0,188.0,204.0,217.0,230.0,236.0,248.0,258.0,518.1
188,Maule,7,Parral,7404.0,44544.0,4.0,0.0,0.0,0.0,4.0,5.0,6.0,6.0,6.0,6.0,9.0,9.0,9.0,9.0,9.0,9.0,11.0,13.0,21.0,34.0,56.0,72.0,96.0,106.0,130.0,143.0,172.0,197.0,217.0,221.0,230.0,240.0,243.0,254.0,261.0,260.0,265.0,594.9
189,Maule,7,Pelarco,7106.0,9083.0,0.0,0.0,0.0,0.0,0.0,0.0,3.0,3.0,5.0,5.0,5.0,5.0,5.0,5.0,6.0,8.0,13.0,13.0,17.0,19.0,19.0,21.0,23.0,26.0,33.0,33.0,34.0,36.0,39.0,39.0,41.0,44.0,53.0,59.0,66.0,85.0,100.0,1101.0
190,Maule,7,Pelluhue,7203.0,8092.0,0.0,0.0,0.0,0.0,0.0,0.0,1.0,1.0,1.0,1.0,2.0,2.0,2.0,2.0,2.0,2.0,5.0,7.0,10.0,10.0,10.0,10.0,12.0,12.0,30.0,32.0,47.0,51.0,55.0,55.0,57.0,59.0,60.0,60.0,60.0,63.0,65.0,803.3
191,Maule,7,Pencahue,7107.0,8601.0,0.0,0.0,0.0,0.0,0.0,0.0,0.0,0.0,1.0,2.0,3.0,3.0,3.0,3.0,3.0,3.0,3.0,3.0,3.0,5.0,12.0,12.0,14.0,14.0,17.0,18.0,23.0,25.0,28.0,34.0,36.0,47.0,50.0,52.0,52.0,54.0,55.0,639.5
192,Maule,7,Rauco,7305.0,11248.0,0.0,0.0,0.0,0.0,0.0,0.0,2.0,2.0,2.0,2.0,2.0,2.0,2.0,2.0,2.0,2.0,2.0,3.0,4.0,6.0,10.0,12.0,17.0,17.0,20.0,28.0,35.0,39.0,45.0,49.0,56.0,65.0,69.0,82.0,86.0,97.0,101.0,897.9
193,Maule,7,Retiro,7405.0,21071.0,0.0,0.0,0.0,0.0,0.0,0.0,1.0,1.0,2.0,2.0,1.0,1.0,1.0,1.0,2.0,2.0,2.0,2.0,3.0,6.0,13.0,19.0,49.0,59.0,68.0,78.0,100.0,108.0,114.0,118.0,124.0,129.0,130.0,132.0,133.0,135.0,136.0,645.4
194,Maule,7,Rio Claro,7108.0,14753.0,0.0,0.0,0.0,0.0,0.0,0.0,3.0,3.0,6.0,6.0,7.0,7.0,8.0,9.0,9.0,9.0,11.0,11.0,13.0,14.0,14.0,16.0,19.0,22.0,25.0,26.0,28.0,35.0,47.0,52.0,64.0,72.0,74.0,75.0,75.0,85.0,91.0,616.8
195,Maule,7,Romeral,7306.0,16170.0,0.0,0.0,0.0,0.0,0.0,0.0,3.0,4.0,5.0,12.0,13.0,13.0,13.0,13.0,13.0,13.0,13.0,13.0,13.0,15.0,18.0,32.0,44.0,53.0,70.0,76.0,104.0,141.0,181.0,198.0,207.0,217.0,222.0,226.0,234.0,239.0,251.0,1552.3
196,Maule,7,Sagrada Familia,7307.0,19469.0,0.0,0.0,0.0,0.0,0.0,0.0,1.0,1.0,1.0,1.0,2.0,2.0,2.0,2.0,2.0,2.0,2.0,2.0,3.0,3.0,6.0,6.0,10.0,14.0,23.0,32.0,38.0,44.0,55.0,57.0,63.0,76.0,83.0,81.0,82.0,86.0,88.0,452.0
197,Maule,7,San Clemente,7109.0,46292.0,0.0,0.0,0.0,0.0,0.0,0.0,0.0,0.0,4.0,7.0,9.0,9.0,10.0,10.0,14.0,19.0,23.0,25.0,36.0,44.0,55.0,60.0,78.0,88.0,111.0,129.0,158.0,194.0,251.0,278.0,340.0,384.0,417.0,447.0,468.0,487.0,497.0,1073.6
198,Maule,7,San Javier,7406.0,49451.0,0.0,0.0,0.0,7.0,7.0,8.0,8.0,9.0,11.0,16.0,20.0,20.0,23.0,23.0,25.0,27.0,34.0,34.0,41.0,45.0,49.0,54.0,66.0,82.0,104.0,120.0,164.0,183.0,215.0,231.0,267.0,290.0,314.0,356.0,370.0,395.0,424.0,857.4
199,Maule,7,San Rafael,7110.0,9959.0,0.0,0.0,0.0,0.0,0.0,0.0,2.0,2.0,2.0,2.0,3.0,3.0,3.0,3.0,4.0,4.0,6.0,12.0,29.0,41.0,45.0,48.0,55.0,59.0,65.0,71.0,79.0,82.0,98.0,102.0,107.0,118.0,118.0,120.0,124.0,125.0,125.0,1255.1
200,Maule,7,Talca,7101.0,236724.0,34.0,37.0,42.0,48.0,51.0,51.0,51.0,57.0,91.0,133.0,145.0,149.0,160.0,162.0,163.0,166.0,191.0,203.0,247.0,283.0,311.0,329.0,392.0,433.0,530.0,607.0,762.0,939.0,1154.0,1239.0,1392.0,1565.0,1635.0,1710.0,1755.0,1810.0,1865.0,787.8
201,Maule,7,Teno,7308.0,30850.0,0.0,0.0,0.0,0.0,0.0,0.0,1.0,1.0,1.0,2.0,2.0,2.0,4.0,4.0,5.0,7.0,8.0,8.0,9.0,11.0,12.0,12.0,15.0,22.0,31.0,34.0,57.0,81.0,109.0,118.0,136.0,158.0,166.0,193.0,199.0,227.0,241.0,781.2
202,Maule,7,Vichuquen,7309.0,4381.0,0.0,0.0,0.0,0.0,0.0,0.0,0.0,0.0,0.0,0.0,0.0,0.0,0.0,0.0,0.0,0.0,0.0,0.0,0.0,0.0,0.0,0.0,0.0,0.0,0.0,0.0,0.0,0.0,0.0,0.0,1.0,1.0,1.0,4.0,5.0,6.0,6.0,137.0
203,Maule,7,Villa Alegre,7407.0,17512.0,0.0,0.0,0.0,0.0,0.0,0.0,0.0,0.0,0.0,1.0,1.0,2.0,2.0,2.0,2.0,2.0,3.0,3.0,4.0,5.0,6.0,6.0,12.0,17.0,23.0,30.0,42.0,47.0,50.0,55.0,69.0,85.0,88.0,104.0,109.0,129.0,136.0,776.6
204,Maule,7,Yerbas Buenas,7408.0,19200.0,0.0,0.0,0.0,0.0,0.0,0.0,0.0,0.0,0.0,1.0,1.0,1.0,2.0,2.0,3.0,3.0,5.0,8.0,15.0,18.0,24.0,28.0,46.0,48.0,59.0,62.0,87.0,92.0,90.0,93.0,98.0,99.0,101.0,110.0,114.0,120.0,121.0,630.2
205,Maule,7,Desconocido Maule,,,,,,,,,,,,,,,,,,,,,,,,,,,,,59.0,31.0,50.0,43.0,39.0,45.0,43.0,44.0,40.0,36.0,47.0,
206,Ñuble,16,Bulnes,16102.0,22607.0,12.0,18.0,32.0,36.0,45.0,48.0,48.0,48.0,48.0,54.0,59.0,60.0,62.0,72.0,77.0,80.0,108.0,132.0,138.0,160.0,169.0,178.0,189.0,197.0,201.0,205.0,236.0,237.0,251.0,255.0,268.0,294.0,308.0,331.0,336.0,344.0,359.0,1588.0
207,Ñuble,16,Chillan,16101.0,198624.0,114.0,173.0,240.0,291.0,327.0,342.0,355.0,373.0,387.0,395.0,411.0,405.0,414.0,415.0,418.0,429.0,444.0,493.0,505.0,550.0,582.0,601.0,648.0,700.0,767.0,807.0,930.0,991.0,1125.0,1155.0,1276.0,1420.0,1493.0,1578.0,1631.0,1671.0,1708.0,859.9
208,Ñuble,16,Chillan Viejo,16103.0,33827.0,13.0,22.0,26.0,30.0,34.0,40.0,44.0,45.0,45.0,49.0,52.0,55.0,55.0,55.0,55.0,57.0,61.0,67.0,72.0,91.0,97.0,100.0,107.0,115.0,126.0,130.0,169.0,175.0,188.0,200.0,213.0,232.0,240.0,259.0,276.0,284.0,286.0,845.5
209,Ñuble,16,Cobquecura,16202.0,5275.0,0.0,0.0,0.0,0.0,0.0,0.0,0.0,0.0,0.0,0.0,0.0,0.0,0.0,0.0,0.0,0.0,0.0,0.0,0.0,0.0,0.0,0.0,0.0,0.0,0.0,0.0,0.0,0.0,0.0,0.0,0.0,0.0,1.0,1.0,1.0,1.0,2.0,37.9
210,Ñuble,16,Coelemu,16203.0,16845.0,0.0,0.0,0.0,0.0,4.0,4.0,4.0,4.0,4.0,4.0,4.0,4.0,4.0,4.0,4.0,4.0,4.0,5.0,6.0,8.0,18.0,21.0,25.0,29.0,35.0,35.0,50.0,58.0,62.0,62.0,63.0,66.0,70.0,73.0,73.0,73.0,75.0,445.2
211,Ñuble,16,Coihueco,16302.0,28375.0,0.0,0.0,0.0,6.0,7.0,8.0,11.0,11.0,14.0,21.0,24.0,25.0,40.0,42.0,42.0,42.0,45.0,50.0,50.0,52.0,53.0,53.0,53.0,54.0,61.0,62.0,73.0,79.0,92.0,99.0,115.0,139.0,153.0,170.0,187.0,198.0,204.0,718.9
212,Ñuble,16,El Carmen,16104.0,12334.0,0.0,0.0,0.0,0.0,0.0,0.0,3.0,3.0,3.0,3.0,3.0,3.0,3.0,3.0,3.0,4.0,4.0,5.0,6.0,7.0,16.0,17.0,25.0,27.0,28.0,31.0,51.0,58.0,63.0,64.0,68.0,83.0,86.0,90.0,92.0,93.0,98.0,794.6
213,Ñuble,16,Ninhue,16204.0,5414.0,0.0,0.0,0.0,0.0,0.0,0.0,2.0,3.0,3.0,4.0,4.0,4.0,4.0,4.0,4.0,4.0,4.0,5.0,5.0,6.0,6.0,10.0,12.0,11.0,12.0,15.0,19.0,24.0,33.0,34.0,39.0,41.0,41.0,41.0,43.0,44.0,48.0,886.6
214,Ñuble,16,Niquen,16303.0,11567.0,0.0,0.0,0.0,0.0,0.0,0.0,2.0,2.0,2.0,3.0,3.0,3.0,3.0,3.0,3.0,3.0,3.0,3.0,4.0,9.0,9.0,11.0,20.0,28.0,32.0,41.0,60.0,62.0,66.0,67.0,68.0,69.0,72.0,75.0,78.0,84.0,87.0,752.1
215,Ñuble,16,Pemuco,16105.0,8639.0,0.0,0.0,0.0,0.0,0.0,0.0,4.0,4.0,4.0,5.0,5.0,6.0,6.0,6.0,6.0,7.0,9.0,10.0,10.0,10.0,11.0,11.0,15.0,16.0,16.0,20.0,49.0,71.0,74.0,76.0,85.0,90.0,95.0,98.0,100.0,102.0,102.0,1180.7
216,Ñuble,16,Pinto,16106.0,11880.0,0.0,0.0,6.0,9.0,10.0,10.0,10.0,10.0,10.0,11.0,11.0,12.0,12.0,12.0,12.0,12.0,12.0,14.0,17.0,15.0,15.0,15.0,15.0,17.0,17.0,18.0,26.0,28.0,34.0,35.0,35.0,45.0,54.0,56.0,60.0,65.0,66.0,555.6
217,Ñuble,16,Portezuelo,16205.0,4940.0,0.0,0.0,0.0,0.0,0.0,0.0,1.0,0.0,0.0,0.0,0.0,0.0,0.0,0.0,0.0,0.0,2.0,4.0,7.0,7.0,7.0,7.0,7.0,7.0,7.0,7.0,7.0,11.0,11.0,11.0,12.0,15.0,15.0,19.0,21.0,21.0,22.0,445.3
218,Ñuble,16,Quillon,16107.0,18777.0,4.0,7.0,15.0,17.0,22.0,22.0,23.0,23.0,24.0,26.0,26.0,28.0,30.0,32.0,32.0,33.0,33.0,39.0,39.0,44.0,53.0,55.0,67.0,76.0,88.0,95.0,116.0,117.0,122.0,122.0,128.0,141.0,164.0,170.0,172.0,175.0,178.0,948.0
219,Ñuble,16,Quirihue,16201.0,12192.0,0.0,0.0,0.0,0.0,4.0,4.0,4.0,2.0,3.0,3.0,4.0,4.0,4.0,4.0,4.0,8.0,12.0,16.0,16.0,16.0,17.0,20.0,21.0,21.0,23.0,23.0,25.0,29.0,39.0,39.0,39.0,44.0,57.0,58.0,59.0,62.0,62.0,508.5
220,Ñuble,16,Ranquil,16206.0,6261.0,0.0,0.0,5.0,7.0,9.0,9.0,10.0,9.0,9.0,9.0,9.0,10.0,10.0,10.0,10.0,10.0,10.0,10.0,10.0,10.0,10.0,10.0,10.0,10.0,12.0,12.0,18.0,19.0,21.0,22.0,27.0,27.0,29.0,40.0,42.0,40.0,44.0,702.8
221,Ñuble,16,San Carlos,16301.0,56252.0,8.0,13.0,13.0,19.0,28.0,29.0,31.0,31.0,31.0,32.0,34.0,34.0,35.0,36.0,37.0,42.0,46.0,48.0,52.0,55.0,67.0,71.0,91.0,113.0,145.0,158.0,266.0,288.0,315.0,321.0,370.0,414.0,432.0,457.0,459.0,478.0,489.0,869.3
222,Ñuble,16,San Fabian,16304.0,4654.0,0.0,5.0,6.0,6.0,6.0,6.0,6.0,6.0,6.0,6.0,7.0,8.0,8.0,8.0,8.0,8.0,8.0,8.0,8.0,8.0,8.0,8.0,8.0,8.0,8.0,8.0,9.0,9.0,9.0,9.0,9.0,10.0,10.0,11.0,14.0,14.0,13.0,279.3
223,Ñuble,16,San Ignacio,16108.0,16624.0,0.0,0.0,0.0,6.0,6.0,6.0,6.0,4.0,4.0,4.0,5.0,6.0,8.0,10.0,11.0,11.0,11.0,14.0,14.0,16.0,24.0,26.0,30.0,33.0,45.0,65.0,110.0,129.0,132.0,132.0,138.0,144.0,157.0,167.0,176.0,168.0,173.0,1040.7
224,Ñuble,16,San Nicolas,16305.0,12172.0,0.0,0.0,4.0,10.0,11.0,12.0,12.0,14.0,14.0,14.0,14.0,16.0,16.0,14.0,15.0,15.0,17.0,17.0,19.0,25.0,26.0,26.0,33.0,35.0,40.0,43.0,54.0,56.0,63.0,63.0,69.0,83.0,96.0,109.0,111.0,112.0,114.0,936.6
225,Ñuble,16,Treguaco,16207.0,5696.0,0.0,0.0,0.0,0.0,0.0,0.0,0.0,0.0,0.0,0.0,0.0,0.0,0.0,0.0,0.0,0.0,0.0,0.0,0.0,0.0,1.0,1.0,1.0,2.0,3.0,3.0,3.0,2.0,3.0,3.0,3.0,4.0,5.0,5.0,6.0,6.0,6.0,105.3
226,Ñuble,16,Yungay,16109.0,18596.0,0.0,7.0,10.0,26.0,37.0,38.0,42.0,42.0,45.0,46.0,46.0,48.0,52.0,55.0,55.0,55.0,57.0,58.0,59.0,59.0,62.0,62.0,63.0,67.0,69.0,72.0,76.0,78.0,93.0,94.0,97.0,102.0,107.0,113.0,116.0,124.0,130.0,699.1
227,Ñuble,16,Desconocido Nuble,,,,,,,,,,,,,,,,,,,,,,,,,,,,,6.0,0.0,4.0,0.0,10.0,1.0,2.0,3.0,8.0,4.0,4.0,
228,Biobío,8,Alto Biobio,8314.0,6775.0,0.0,0.0,0.0,0.0,0.0,0.0,0.0,1.0,1.0,1.0,0.0,0.0,0.0,0.0,0.0,0.0,0.0,0.0,1.0,17.0,45.0,88.0,98.0,120.0,123.0,132.0,151.0,158.0,162.0,162.0,157.0,162.0,167.0,168.0,169.0,171.0,171.0,2524.0
229,Biobío,8,Antuco,8302.0,4306.0,0.0,0.0,0.0,0.0,0.0,0.0,0.0,0.0,0.0,0.0,0.0,0.0,0.0,0.0,1.0,2.0,3.0,4.0,4.0,4.0,14.0,16.0,18.0,19.0,23.0,24.0,26.0,39.0,45.0,47.0,47.0,47.0,52.0,54.0,54.0,55.0,60.0,1393.4
230,Biobío,8,Arauco,8202.0,38679.0,0.0,5.0,6.0,6.0,6.0,6.0,6.0,5.0,6.0,6.0,6.0,6.0,6.0,6.0,11.0,15.0,15.0,18.0,28.0,34.0,44.0,63.0,68.0,75.0,85.0,91.0,134.0,166.0,224.0,242.0,272.0,286.0,286.0,296.0,309.0,326.0,352.0,910.1
231,Biobío,8,Cabrero,8303.0,30725.0,0.0,0.0,0.0,0.0,0.0,4.0,7.0,8.0,9.0,9.0,13.0,15.0,16.0,16.0,22.0,22.0,23.0,24.0,26.0,26.0,27.0,29.0,30.0,34.0,37.0,45.0,123.0,179.0,130.0,114.0,118.0,125.0,129.0,135.0,140.0,144.0,144.0,468.7
232,Biobío,8,Canete,8203.0,37003.0,0.0,0.0,0.0,0.0,0.0,0.0,0.0,0.0,0.0,0.0,0.0,0.0,0.0,0.0,1.0,0.0,0.0,0.0,3.0,9.0,11.0,14.0,15.0,20.0,21.0,21.0,24.0,32.0,33.0,33.0,34.0,36.0,39.0,47.0,67.0,78.0,102.0,275.7
233,Biobío,8,Chiguayante,8103.0,91180.0,6.0,18.0,26.0,32.0,35.0,40.0,41.0,37.0,39.0,41.0,57.0,58.0,61.0,69.0,71.0,75.0,77.0,84.0,87.0,88.0,97.0,108.0,119.0,126.0,149.0,163.0,226.0,254.0,305.0,323.0,354.0,399.0,431.0,470.0,502.0,530.0,560.0,614.2
234,Biobío,8,Concepcion,8101.0,238092.0,28.0,47.0,53.0,70.0,73.0,81.0,92.0,130.0,142.0,149.0,136.0,139.0,147.0,141.0,159.0,171.0,177.0,184.0,209.0,236.0,284.0,321.0,355.0,385.0,464.0,541.0,767.0,926.0,1108.0,1172.0,1256.0,1360.0,1424.0,1498.0,1571.0,1653.0,1694.0,711.5
235,Biobío,8,Contulmo,8204.0,6330.0,0.0,0.0,0.0,0.0,0.0,0.0,0.0,0.0,0.0,0.0,0.0,0.0,0.0,0.0,0.0,0.0,0.0,0.0,0.0,0.0,0.0,0.0,1.0,1.0,1.0,1.0,4.0,10.0,32.0,40.0,42.0,43.0,43.0,43.0,45.0,45.0,46.0,726.7
236,Biobío,8,Coronel,8102.0,125829.0,0.0,11.0,12.0,13.0,18.0,18.0,18.0,15.0,15.0,15.0,16.0,18.0,21.0,22.0,29.0,30.0,39.0,46.0,56.0,66.0,111.0,159.0,196.0,216.0,275.0,309.0,514.0,629.0,788.0,848.0,955.0,1056.0,1094.0,1158.0,1194.0,1258.0,1309.0,1040.3
237,Biobío,8,Curanilahue,8205.0,33892.0,0.0,0.0,0.0,0.0,0.0,0.0,1.0,1.0,1.0,1.0,2.0,2.0,1.0,1.0,3.0,3.0,4.0,5.0,5.0,5.0,6.0,7.0,8.0,13.0,22.0,26.0,31.0,46.0,55.0,59.0,63.0,98.0,124.0,148.0,160.0,174.0,192.0,566.5
238,Biobío,8,Florida,8104.0,11841.0,0.0,0.0,0.0,0.0,0.0,0.0,2.0,4.0,4.0,4.0,3.0,3.0,3.0,3.0,3.0,3.0,3.0,3.0,4.0,4.0,5.0,5.0,5.0,5.0,6.0,7.0,9.0,13.0,28.0,30.0,34.0,36.0,36.0,38.0,38.0,46.0,59.0,498.3
239,Biobío,8,Hualpen,8112.0,97273.0,0.0,39.0,50.0,67.0,74.0,83.0,93.0,65.0,70.0,77.0,103.0,104.0,103.0,115.0,120.0,123.0,130.0,133.0,142.0,146.0,152.0,159.0,175.0,184.0,199.0,217.0,262.0,300.0,407.0,436.0,498.0,555.0,617.0,647.0,655.0,703.0,733.0,753.5
240,Biobío,8,Hualqui,8105.0,26201.0,0.0,0.0,0.0,7.0,7.0,7.0,8.0,9.0,13.0,15.0,19.0,19.0,20.0,20.0,20.0,21.0,22.0,24.0,27.0,33.0,42.0,43.0,46.0,50.0,53.0,56.0,79.0,111.0,136.0,142.0,156.0,161.0,171.0,178.0,193.0,199.0,206.0,786.2
241,Biobío,8,Laja,8304.0,23873.0,0.0,0.0,0.0,5.0,5.0,5.0,6.0,7.0,7.0,7.0,10.0,12.0,12.0,12.0,15.0,24.0,42.0,51.0,54.0,57.0,59.0,62.0,67.0,67.0,72.0,76.0,84.0,95.0,110.0,131.0,128.0,139.0,149.0,154.0,158.0,165.0,175.0,733.0
242,Biobío,8,Lebu,8201.0,27100.0,0.0,0.0,0.0,0.0,0.0,0.0,0.0,0.0,0.0,0.0,0.0,0.0,0.0,0.0,0.0,2.0,2.0,2.0,2.0,2.0,2.0,3.0,3.0,8.0,9.0,11.0,20.0,27.0,28.0,30.0,30.0,32.0,32.0,32.0,36.0,39.0,43.0,158.7
243,Biobío,8,Los Alamos,8206.0,22524.0,0.0,0.0,0.0,0.0,0.0,0.0,0.0,0.0,0.0,0.0,1.0,1.0,1.0,1.0,1.0,1.0,1.0,1.0,1.0,2.0,2.0,2.0,3.0,3.0,5.0,7.0,17.0,47.0,64.0,71.0,85.0,94.0,99.0,104.0,110.0,122.0,132.0,586.0
244,Biobío,8,Los Angeles,8301.0,218515.0,11.0,15.0,12.0,17.0,22.0,22.0,22.0,25.0,26.0,30.0,31.0,31.0,31.0,31.0,33.0,45.0,71.0,96.0,137.0,160.0,208.0,236.0,295.0,327.0,368.0,400.0,468.0,559.0,678.0,736.0,815.0,885.0,933.0,1009.0,1058.0,1085.0,1120.0,512.6
245,Biobío,8,Lota,8106.0,45750.0,0.0,0.0,0.0,0.0,0.0,0.0,1.0,1.0,1.0,1.0,1.0,1.0,1.0,2.0,9.0,13.0,15.0,24.0,32.0,35.0,44.0,54.0,61.0,70.0,80.0,88.0,122.0,164.0,219.0,254.0,288.0,320.0,342.0,357.0,368.0,389.0,405.0,885.2
246,Biobío,8,Mulchen,8305.0,31041.0,0.0,5.0,5.0,5.0,5.0,5.0,5.0,5.0,5.0,5.0,5.0,5.0,5.0,6.0,7.0,9.0,10.0,11.0,11.0,11.0,14.0,20.0,22.0,24.0,27.0,27.0,29.0,35.0,52.0,62.0,72.0,94.0,104.0,122.0,125.0,127.0,128.0,412.4
247,Biobío,8,Nacimiento,8306.0,27944.0,0.0,0.0,0.0,0.0,4.0,5.0,9.0,10.0,10.0,10.0,10.0,10.0,10.0,12.0,16.0,20.0,21.0,24.0,28.0,32.0,35.0,37.0,38.0,42.0,46.0,58.0,66.0,87.0,107.0,113.0,133.0,150.0,154.0,156.0,156.0,157.0,163.0,583.3
248,Biobío,8,Negrete,8307.0,10429.0,0.0,0.0,0.0,0.0,0.0,0.0,2.0,2.0,2.0,2.0,2.0,2.0,2.0,2.0,2.0,5.0,9.0,16.0,25.0,27.0,30.0,39.0,39.0,43.0,58.0,65.0,73.0,84.0,103.0,107.0,106.0,110.0,119.0,123.0,126.0,131.0,132.0,1265.7
249,Biobío,8,Penco,8107.0,49865.0,0.0,0.0,0.0,5.0,5.0,5.0,9.0,11.0,12.0,15.0,17.0,18.0,19.0,20.0,20.0,21.0,22.0,23.0,24.0,26.0,33.0,37.0,45.0,63.0,82.0,103.0,167.0,209.0,236.0,258.0,304.0,326.0,356.0,377.0,375.0,400.0,425.0,852.3
250,Biobío,8,Quilaco,8308.0,4179.0,0.0,0.0,0.0,0.0,0.0,0.0,0.0,0.0,0.0,0.0,0.0,0.0,0.0,0.0,0.0,0.0,0.0,0.0,0.0,0.0,0.0,0.0,1.0,3.0,5.0,5.0,6.0,7.0,10.0,11.0,11.0,12.0,12.0,15.0,15.0,16.0,16.0,382.9
251,Biobío,8,Quilleco,8309.0,10032.0,0.0,0.0,0.0,0.0,0.0,0.0,0.0,0.0,0.0,1.0,1.0,0.0,0.0,0.0,0.0,0.0,0.0,0.0,0.0,1.0,1.0,2.0,3.0,5.0,6.0,6.0,7.0,9.0,12.0,16.0,19.0,33.0,36.0,39.0,42.0,45.0,48.0,478.5
252,Biobío,8,San Pedro de la Paz,8108.0,145906.0,18.0,50.0,56.0,63.0,71.0,73.0,80.0,75.0,75.0,85.0,99.0,99.0,100.0,106.0,109.0,112.0,117.0,119.0,133.0,147.0,183.0,197.0,216.0,236.0,279.0,318.0,388.0,473.0,552.0,579.0,625.0,699.0,723.0,774.0,816.0,859.0,892.0,611.4
253,Biobío,8,San Rosendo,8310.0,3611.0,0.0,0.0,0.0,0.0,0.0,0.0,0.0,0.0,0.0,0.0,0.0,0.0,0.0,0.0,0.0,0.0,0.0,2.0,2.0,2.0,2.0,2.0,3.0,5.0,5.0,5.0,12.0,16.0,20.0,21.0,28.0,29.0,30.0,34.0,34.0,34.0,34.0,941.6
254,Biobío,8,Santa Barbara,8311.0,14592.0,0.0,0.0,0.0,0.0,0.0,0.0,2.0,3.0,3.0,3.0,3.0,2.0,2.0,2.0,2.0,2.0,7.0,13.0,14.0,18.0,26.0,34.0,40.0,43.0,45.0,50.0,72.0,87.0,90.0,93.0,96.0,105.0,110.0,117.0,118.0,126.0,137.0,938.9
255,Biobío,8,Santa Juana,8109.0,14779.0,0.0,0.0,0.0,0.0,0.0,0.0,0.0,0.0,0.0,1.0,2.0,2.0,2.0,2.0,2.0,2.0,2.0,2.0,2.0,2.0,2.0,3.0,4.0,8.0,16.0,21.0,45.0,53.0,62.0,62.0,67.0,71.0,73.0,75.0,84.0,86.0,86.0,581.9
256,Biobío,8,Talcahuano,8110.0,158345.0,0.0,23.0,29.0,36.0,45.0,46.0,56.0,82.0,85.0,97.0,90.0,95.0,103.0,109.0,118.0,127.0,136.0,143.0,161.0,167.0,189.0,206.0,244.0,262.0,289.0,313.0,422.0,520.0,614.0,661.0,718.0,847.0,902.0,968.0,1009.0,1113.0,1206.0,761.6
257,Biobío,8,Tirua,8207.0,11019.0,0.0,0.0,0.0,4.0,4.0,4.0,4.0,4.0,4.0,4.0,4.0,4.0,4.0,4.0,4.0,4.0,4.0,4.0,4.0,4.0,4.0,4.0,4.0,4.0,6.0,8.0,14.0,19.0,29.0,30.0,30.0,30.0,30.0,30.0,30.0,30.0,31.0,281.3
258,Biobío,8,Tome,8111.0,58729.0,4.0,6.0,9.0,25.0,30.0,30.0,37.0,37.0,37.0,41.0,50.0,50.0,50.0,49.0,50.0,63.0,67.0,71.0,73.0,75.0,79.0,85.0,96.0,107.0,135.0,145.0,215.0,260.0,299.0,310.0,318.0,331.0,333.0,344.0,351.0,373.0,384.0,653.9
259,Biobío,8,Tucapel,8312.0,15205.0,,0.0,0.0,0.0,0.0,0.0,1.0,0.0,1.0,1.0,1.0,1.0,1.0,1.0,1.0,1.0,1.0,4.0,4.0,7.0,8.0,12.0,24.0,35.0,49.0,50.0,67.0,82.0,111.0,122.0,124.0,134.0,138.0,143.0,147.0,146.0,149.0,979.9
260,Biobío,8,Yumbel,8313.0,22132.0,5.0,5.0,5.0,5.0,5.0,5.0,5.0,5.0,5.0,6.0,6.0,6.0,6.0,7.0,10.0,14.0,14.0,14.0,14.0,19.0,24.0,27.0,32.0,35.0,37.0,44.0,57.0,82.0,98.0,110.0,129.0,170.0,188.0,200.0,202.0,202.0,203.0,917.2
261,Biobío,8,Desconocido Biobio,,,,,,,,,,,,,,,,,,,,,,,,,,,,,168.0,200.0,160.0,182.0,176.0,145.0,145.0,153.0,144.0,159.0,163.0,
262,Araucanía,9,Angol,9201.0,56058.0,7.0,13.0,12.0,15.0,23.0,24.0,28.0,36.0,38.0,51.0,75.0,80.0,106.0,110.0,112.0,118.0,122.0,124.0,127.0,138.0,149.0,157.0,172.0,185.0,226.0,262.0,292.0,331.0,349.0,360.0,381.0,408.0,418.0,433.0,437.0,451.0,464.0,827.7
263,Araucanía,9,Carahue,9102.0,25486.0,0.0,0.0,0.0,0.0,6.0,6.0,18.0,20.0,22.0,26.0,30.0,31.0,30.0,34.0,35.0,36.0,35.0,36.0,39.0,45.0,50.0,53.0,63.0,69.0,68.0,69.0,70.0,80.0,82.0,82.0,82.0,84.0,85.0,87.0,87.0,88.0,94.0,368.8
264,Araucanía,9,Cholchol,9121.0,12341.0,0.0,0.0,0.0,0.0,0.0,4.0,4.0,4.0,5.0,5.0,5.0,5.0,6.0,6.0,4.0,4.0,5.0,5.0,6.0,6.0,6.0,7.0,16.0,22.0,24.0,24.0,25.0,26.0,25.0,25.0,24.0,26.0,31.0,32.0,32.0,36.0,36.0,291.7
265,Araucanía,9,Collipulli,9202.0,26148.0,0.0,0.0,0.0,0.0,0.0,0.0,1.0,1.0,0.0,1.0,2.0,3.0,4.0,4.0,6.0,6.0,6.0,7.0,12.0,20.0,26.0,29.0,30.0,34.0,38.0,41.0,45.0,53.0,57.0,60.0,65.0,67.0,68.0,68.0,69.0,69.0,70.0,267.7
266,Araucanía,9,Cunco,9103.0,18055.0,0.0,0.0,0.0,5.0,5.0,5.0,5.0,6.0,6.0,6.0,6.0,6.0,5.0,5.0,6.0,6.0,6.0,7.0,20.0,26.0,29.0,29.0,31.0,39.0,45.0,49.0,49.0,51.0,56.0,57.0,57.0,62.0,64.0,74.0,80.0,82.0,83.0,459.7
267,Araucanía,9,Curacautin,9203.0,18178.0,0.0,0.0,0.0,0.0,0.0,5.0,5.0,5.0,5.0,5.0,6.0,6.0,5.0,6.0,6.0,7.0,7.0,7.0,7.0,7.0,7.0,8.0,8.0,8.0,10.0,18.0,23.0,23.0,23.0,23.0,25.0,25.0,25.0,30.0,30.0,31.0,31.0,170.5
268,Araucanía,9,Curarrehue,9104.0,7802.0,0.0,0.0,0.0,0.0,4.0,4.0,4.0,4.0,4.0,4.0,4.0,4.0,4.0,4.0,4.0,4.0,4.0,4.0,4.0,4.0,4.0,4.0,4.0,4.0,4.0,4.0,4.0,4.0,4.0,4.0,4.0,4.0,4.0,4.0,4.0,4.0,4.0,51.3
269,Araucanía,9,Ercilla,9204.0,8458.0,0.0,0.0,0.0,0.0,0.0,0.0,3.0,3.0,4.0,7.0,8.0,8.0,10.0,10.0,11.0,11.0,11.0,11.0,11.0,11.0,11.0,16.0,16.0,16.0,16.0,18.0,20.0,20.0,19.0,19.0,19.0,20.0,23.0,29.0,29.0,30.0,42.0,496.6
270,Araucanía,9,Freire,9105.0,25446.0,0.0,0.0,5.0,5.0,5.0,5.0,5.0,5.0,5.0,6.0,7.0,7.0,7.0,7.0,7.0,9.0,19.0,26.0,29.0,40.0,57.0,66.0,73.0,81.0,90.0,95.0,104.0,108.0,107.0,112.0,111.0,112.0,112.0,113.0,116.0,119.0,122.0,479.4
271,Araucanía,9,Galvarino,9106.0,12633.0,0.0,0.0,0.0,0.0,0.0,0.0,2.0,2.0,2.0,2.0,2.0,2.0,2.0,2.0,4.0,4.0,4.0,4.0,3.0,4.0,8.0,17.0,47.0,61.0,87.0,97.0,113.0,114.0,116.0,119.0,130.0,133.0,133.0,133.0,133.0,133.0,133.0,1052.8
272,Araucanía,9,Gorbea,9107.0,15148.0,4.0,6.0,7.0,10.0,10.0,10.0,10.0,10.0,10.0,10.0,12.0,12.0,12.0,12.0,13.0,13.0,14.0,15.0,17.0,18.0,19.0,20.0,20.0,25.0,30.0,33.0,38.0,40.0,38.0,38.0,38.0,39.0,39.0,39.0,38.0,38.0,38.0,250.9
273,Araucanía,9,Lautaro,9108.0,40746.0,0.0,8.0,10.0,16.0,19.0,19.0,22.0,25.0,27.0,30.0,34.0,38.0,38.0,40.0,45.0,53.0,55.0,55.0,56.0,61.0,66.0,78.0,89.0,94.0,99.0,102.0,108.0,111.0,122.0,121.0,125.0,124.0,124.0,130.0,135.0,150.0,156.0,382.9
274,Araucanía,9,Loncoche,9109.0,24739.0,0.0,0.0,4.0,4.0,6.0,6.0,6.0,9.0,9.0,9.0,9.0,10.0,18.0,18.0,20.0,20.0,20.0,20.0,21.0,21.0,35.0,41.0,46.0,46.0,49.0,49.0,66.0,70.0,70.0,77.0,81.0,82.0,83.0,83.0,84.0,83.0,83.0,335.5
275,Araucanía,9,Lonquimay,9205.0,11049.0,0.0,0.0,0.0,0.0,0.0,0.0,0.0,0.0,0.0,0.0,0.0,0.0,0.0,0.0,5.0,9.0,18.0,31.0,55.0,60.0,61.0,61.0,62.0,64.0,66.0,66.0,69.0,72.0,71.0,71.0,70.0,70.0,70.0,70.0,70.0,71.0,71.0,642.6
276,Araucanía,9,Los Sauces,9206.0,7517.0,0.0,0.0,0.0,0.0,0.0,0.0,0.0,0.0,0.0,0.0,0.0,0.0,1.0,1.0,1.0,1.0,1.0,1.0,1.0,1.0,2.0,2.0,4.0,6.0,7.0,7.0,8.0,9.0,9.0,10.0,18.0,21.0,21.0,21.0,21.0,22.0,23.0,306.0
277,Araucanía,9,Lumaco,9207.0,10050.0,0.0,0.0,0.0,0.0,0.0,0.0,0.0,0.0,0.0,0.0,0.0,1.0,6.0,6.0,7.0,7.0,7.0,7.0,8.0,8.0,8.0,11.0,14.0,14.0,14.0,15.0,28.0,31.0,42.0,39.0,41.0,40.0,41.0,41.0,41.0,42.0,42.0,417.9
278,Araucanía,9,Melipeuco,9110.0,6265.0,0.0,0.0,0.0,0.0,0.0,0.0,0.0,0.0,0.0,0.0,0.0,0.0,0.0,0.0,0.0,0.0,0.0,0.0,0.0,3.0,5.0,5.0,8.0,8.0,8.0,8.0,8.0,8.0,8.0,8.0,9.0,10.0,11.0,11.0,11.0,11.0,11.0,175.6
279,Araucanía,9,Nueva Imperial,9111.0,33777.0,0.0,0.0,11.0,16.0,20.0,22.0,25.0,32.0,34.0,37.0,36.0,44.0,47.0,47.0,41.0,44.0,52.0,52.0,52.0,53.0,54.0,55.0,56.0,64.0,80.0,89.0,100.0,109.0,112.0,117.0,124.0,125.0,127.0,127.0,128.0,130.0,131.0,387.8
280,Araucanía,9,Padre Las Casas,9112.0,82110.0,9.0,14.0,33.0,44.0,49.0,49.0,49.0,52.0,58.0,71.0,78.0,87.0,98.0,99.0,100.0,101.0,115.0,119.0,127.0,135.0,143.0,154.0,163.0,165.0,166.0,168.0,176.0,181.0,180.0,183.0,188.0,202.0,203.0,207.0,212.0,215.0,218.0,265.5
281,Araucanía,9,Perquenco,9113.0,7223.0,0.0,0.0,0.0,0.0,0.0,0.0,3.0,3.0,4.0,6.0,6.0,6.0,5.0,5.0,5.0,5.0,5.0,5.0,5.0,5.0,5.0,5.0,11.0,11.0,15.0,15.0,16.0,23.0,26.0,35.0,39.0,39.0,40.0,42.0,43.0,43.0,44.0,609.2
282,Araucanía,9,Pitrufquen,9114.0,26096.0,4.0,6.0,7.0,11.0,12.0,12.0,16.0,18.0,17.0,19.0,19.0,19.0,20.0,20.0,18.0,18.0,18.0,20.0,25.0,33.0,41.0,47.0,58.0,63.0,68.0,70.0,74.0,81.0,92.0,98.0,92.0,92.0,93.0,95.0,95.0,97.0,99.0,379.4
283,Araucanía,9,Pucon,9115.0,29782.0,0.0,0.0,0.0,4.0,5.0,5.0,5.0,6.0,10.0,11.0,12.0,14.0,14.0,14.0,16.0,16.0,17.0,18.0,19.0,24.0,27.0,36.0,50.0,52.0,55.0,60.0,69.0,73.0,72.0,73.0,71.0,71.0,72.0,78.0,79.0,79.0,79.0,265.3
284,Araucanía,9,Puren,9208.0,12188.0,0.0,0.0,0.0,0.0,0.0,0.0,2.0,2.0,2.0,2.0,2.0,2.0,3.0,4.0,6.0,7.0,7.0,7.0,7.0,7.0,8.0,9.0,9.0,9.0,9.0,9.0,14.0,19.0,21.0,23.0,24.0,24.0,26.0,30.0,35.0,38.0,38.0,311.8
285,Araucanía,9,Renaico,9209.0,10833.0,0.0,0.0,0.0,0.0,0.0,0.0,2.0,2.0,2.0,3.0,4.0,4.0,4.0,5.0,12.0,12.0,14.0,16.0,19.0,21.0,22.0,25.0,25.0,26.0,26.0,29.0,32.0,38.0,54.0,60.0,49.0,49.0,52.0,53.0,53.0,53.0,57.0,526.2
286,Araucanía,9,Saavedra,9116.0,12793.0,0.0,0.0,0.0,0.0,0.0,0.0,1.0,0.0,1.0,8.0,15.0,16.0,24.0,33.0,42.0,52.0,67.0,74.0,80.0,82.0,84.0,87.0,87.0,91.0,92.0,95.0,99.0,100.0,98.0,98.0,96.0,98.0,99.0,99.0,99.0,99.0,99.0,773.9
287,Araucanía,9,Temuco,9101.0,302931.0,154.0,225.0,293.0,365.0,407.0,443.0,471.0,506.0,547.0,605.0,644.0,665.0,673.0,683.0,711.0,734.0,752.0,782.0,793.0,812.0,824.0,830.0,838.0,849.0,857.0,871.0,897.0,926.0,951.0,968.0,993.0,1033.0,1052.0,1080.0,1097.0,1121.0,1150.0,379.6
288,Araucanía,9,Teodoro Schmidt,9117.0,15786.0,0.0,4.0,0.0,0.0,0.0,4.0,5.0,5.0,5.0,5.0,6.0,6.0,6.0,6.0,5.0,5.0,5.0,5.0,7.0,6.0,8.0,10.0,10.0,10.0,10.0,11.0,24.0,34.0,33.0,34.0,29.0,30.0,31.0,31.0,31.0,31.0,31.0,196.4
289,Araucanía,9,Tolten,9118.0,10055.0,0.0,0.0,4.0,5.0,7.0,7.0,7.0,6.0,6.0,6.0,6.0,6.0,6.0,6.0,8.0,8.0,8.0,8.0,8.0,14.0,15.0,16.0,16.0,16.0,16.0,16.0,17.0,17.0,16.0,16.0,16.0,18.0,18.0,17.0,17.0,17.0,17.0,169.1
290,Araucanía,9,Traiguen,9210.0,19314.0,0.0,0.0,0.0,0.0,0.0,0.0,2.0,2.0,2.0,3.0,3.0,3.0,2.0,2.0,2.0,2.0,3.0,5.0,8.0,9.0,9.0,9.0,15.0,19.0,22.0,28.0,36.0,39.0,44.0,46.0,47.0,49.0,49.0,49.0,49.0,51.0,53.0,274.4
291,Araucanía,9,Victoria,9211.0,35467.0,5.0,7.0,11.0,12.0,15.0,15.0,15.0,13.0,13.0,28.0,55.0,58.0,70.0,71.0,78.0,78.0,80.0,80.0,81.0,84.0,90.0,93.0,113.0,120.0,134.0,153.0,165.0,160.0,161.0,161.0,171.0,172.0,174.0,177.0,181.0,190.0,197.0,555.4
292,Araucanía,9,Vilcun,9119.0,30766.0,4.0,5.0,11.0,18.0,20.0,20.0,24.0,27.0,29.0,37.0,39.0,39.0,44.0,45.0,48.0,50.0,58.0,60.0,63.0,70.0,83.0,91.0,92.0,96.0,100.0,102.0,105.0,106.0,116.0,124.0,118.0,120.0,125.0,126.0,127.0,134.0,141.0,458.3
293,Araucanía,9,Villarrica,9120.0,59103.0,,4.0,6.0,11.0,15.0,15.0,18.0,19.0,17.0,18.0,19.0,19.0,20.0,20.0,21.0,22.0,21.0,22.0,22.0,23.0,25.0,31.0,33.0,35.0,41.0,49.0,58.0,71.0,90.0,97.0,98.0,98.0,100.0,103.0,104.0,103.0,105.0,177.7
294,Araucanía,9,Desconocido Araucania,,,,,,,,,,,,,,,,,,,,,,,,,,,,,14.0,7.0,8.0,8.0,9.0,8.0,9.0,1.0,2.0,4.0,3.0,
295,Los Ríos,14,Corral,14102.0,5447.0,0.0,0.0,0.0,0.0,0.0,0.0,0.0,1.0,1.0,1.0,1.0,1.0,1.0,1.0,2.0,3.0,11.0,11.0,11.0,13.0,13.0,13.0,13.0,18.0,20.0,22.0,22.0,23.0,24.0,24.0,24.0,26.0,26.0,26.0,26.0,26.0,26.0,477.3
296,Los Ríos,14,Futrono,14202.0,15261.0,0.0,0.0,0.0,5.0,5.0,5.0,5.0,5.0,5.0,5.0,5.0,5.0,5.0,5.0,5.0,5.0,5.0,7.0,15.0,24.0,30.0,34.0,40.0,43.0,53.0,53.0,56.0,58.0,60.0,60.0,60.0,61.0,61.0,61.0,61.0,61.0,61.0,399.7
297,Los Ríos,14,La Union,14201.0,39538.0,0.0,9.0,10.0,17.0,18.0,18.0,18.0,23.0,23.0,21.0,27.0,29.0,32.0,39.0,40.0,40.0,40.0,41.0,42.0,42.0,43.0,44.0,48.0,52.0,59.0,66.0,76.0,79.0,87.0,88.0,93.0,87.0,89.0,95.0,98.0,99.0,101.0,255.5
298,Los Ríos,14,Lago Ranco,14203.0,10292.0,0.0,0.0,0.0,0.0,0.0,0.0,2.0,2.0,2.0,2.0,2.0,2.0,2.0,2.0,2.0,2.0,2.0,2.0,2.0,2.0,2.0,2.0,2.0,2.0,2.0,2.0,2.0,2.0,6.0,7.0,7.0,7.0,7.0,7.0,7.0,7.0,7.0,68.0
299,Los Ríos,14,Lanco,14103.0,17652.0,0.0,0.0,0.0,0.0,0.0,0.0,2.0,4.0,4.0,4.0,5.0,5.0,5.0,7.0,9.0,9.0,9.0,9.0,9.0,9.0,9.0,9.0,9.0,10.0,15.0,21.0,23.0,26.0,28.0,28.0,28.0,27.0,27.0,28.0,28.0,28.0,28.0,158.6
300,Los Ríos,14,Los Lagos,14104.0,20518.0,0.0,0.0,0.0,0.0,0.0,0.0,0.0,0.0,0.0,0.0,0.0,0.0,0.0,0.0,0.0,0.0,0.0,0.0,0.0,2.0,18.0,22.0,23.0,24.0,38.0,57.0,59.0,63.0,63.0,63.0,64.0,63.0,63.0,63.0,63.0,63.0,63.0,307.0
301,Los Ríos,14,Mafil,14105.0,7389.0,0.0,0.0,0.0,0.0,0.0,0.0,1.0,1.0,1.0,1.0,2.0,2.0,2.0,2.0,2.0,2.0,2.0,2.0,3.0,3.0,3.0,3.0,3.0,3.0,8.0,17.0,20.0,20.0,20.0,20.0,20.0,20.0,20.0,20.0,20.0,20.0,29.0,392.5
302,Los Ríos,14,Mariquina,14106.0,23250.0,0.0,0.0,0.0,6.0,8.0,8.0,8.0,9.0,9.0,8.0,9.0,9.0,9.0,9.0,9.0,11.0,12.0,12.0,14.0,14.0,15.0,16.0,16.0,16.0,16.0,16.0,19.0,20.0,22.0,22.0,22.0,21.0,21.0,31.0,33.0,36.0,36.0,154.8
303,Los Ríos,14,Paillaco,14107.0,20798.0,0.0,0.0,0.0,0.0,0.0,0.0,1.0,1.0,1.0,1.0,2.0,2.0,2.0,1.0,1.0,1.0,1.0,1.0,4.0,21.0,22.0,25.0,25.0,25.0,25.0,25.0,26.0,27.0,29.0,30.0,32.0,33.0,33.0,33.0,33.0,34.0,37.0,177.9
304,Los Ríos,14,Panguipulli,14108.0,35991.0,0.0,0.0,0.0,0.0,0.0,0.0,2.0,0.0,0.0,1.0,0.0,0.0,0.0,0.0,0.0,0.0,0.0,1.0,3.0,6.0,8.0,12.0,21.0,33.0,33.0,33.0,36.0,47.0,55.0,56.0,57.0,60.0,63.0,65.0,65.0,65.0,65.0,180.6
305,Los Ríos,14,Rio Bueno,14204.0,32925.0,0.0,0.0,0.0,5.0,5.0,5.0,10.0,7.0,7.0,11.0,10.0,11.0,13.0,13.0,12.0,12.0,12.0,12.0,13.0,14.0,14.0,16.0,16.0,18.0,18.0,18.0,19.0,21.0,24.0,24.0,27.0,30.0,29.0,29.0,29.0,32.0,34.0,103.3
306,Los Ríos,14,Valdivia,14101.0,176774.0,12.0,45.0,47.0,65.0,72.0,82.0,88.0,97.0,101.0,101.0,105.0,107.0,110.0,121.0,121.0,122.0,124.0,125.0,147.0,154.0,160.0,174.0,182.0,189.0,200.0,209.0,243.0,268.0,303.0,329.0,346.0,337.0,350.0,381.0,401.0,415.0,425.0,240.4
307,Los Ríos,14,Desconocido Los Rios,,,,,,,,,,,,,,,,,,,,,,,,,,,,,5.0,5.0,6.0,6.0,6.0,6.0,6.0,6.0,6.0,6.0,6.0,
308,Los Lagos,10,Ancud,10202.0,42458.0,0.0,0.0,0.0,0.0,0.0,0.0,3.0,3.0,3.0,8.0,9.0,9.0,10.0,15.0,23.0,48.0,60.0,66.0,83.0,83.0,84.0,84.0,85.0,86.0,87.0,93.0,94.0,95.0,102.0,100.0,102.0,100.0,100.0,103.0,106.0,106.0,111.0,261.4
309,Los Lagos,10,Calbuco,10102.0,36744.0,4.0,5.0,5.0,5.0,5.0,5.0,7.0,5.0,8.0,6.0,7.0,7.0,7.0,7.0,7.0,8.0,8.0,8.0,8.0,8.0,8.0,8.0,8.0,8.0,9.0,10.0,11.0,21.0,44.0,61.0,83.0,111.0,128.0,144.0,152.0,169.0,179.0,487.2
310,Los Lagos,10,Castro,10201.0,47607.0,0.0,0.0,0.0,4.0,6.0,7.0,7.0,7.0,7.0,7.0,7.0,7.0,8.0,8.0,7.0,7.0,8.0,8.0,8.0,8.0,8.0,8.0,8.0,8.0,9.0,9.0,9.0,9.0,9.0,9.0,9.0,9.0,10.0,9.0,9.0,14.0,23.0,48.3
311,Los Lagos,10,Chaiten,10401.0,5020.0,0.0,0.0,0.0,0.0,0.0,0.0,1.0,1.0,1.0,1.0,1.0,1.0,1.0,1.0,1.0,1.0,1.0,1.0,1.0,1.0,1.0,1.0,1.0,1.0,1.0,1.0,1.0,1.0,1.0,1.0,1.0,1.0,10.0,12.0,11.0,11.0,11.0,219.1
312,Los Lagos,10,Chonchi,10203.0,16013.0,0.0,0.0,0.0,0.0,0.0,0.0,0.0,0.0,0.0,0.0,0.0,0.0,0.0,0.0,0.0,0.0,0.0,0.0,0.0,0.0,0.0,0.0,0.0,0.0,0.0,0.0,0.0,0.0,0.0,0.0,1.0,1.0,1.0,1.0,1.0,1.0,1.0,6.2
313,Los Lagos,10,Cochamo,10103.0,4006.0,0.0,0.0,0.0,0.0,0.0,0.0,0.0,0.0,1.0,1.0,1.0,1.0,1.0,1.0,1.0,1.0,1.0,1.0,1.0,1.0,1.0,1.0,1.0,1.0,1.0,1.0,1.0,1.0,5.0,5.0,8.0,8.0,8.0,10.0,9.0,13.0,13.0,324.5
314,Los Lagos,10,Curaco de Velez,10204.0,4066.0,0.0,0.0,0.0,0.0,0.0,0.0,0.0,0.0,0.0,0.0,0.0,0.0,0.0,0.0,0.0,0.0,0.0,0.0,0.0,0.0,0.0,0.0,0.0,0.0,0.0,0.0,0.0,0.0,9.0,12.0,15.0,17.0,18.0,18.0,18.0,18.0,18.0,442.7
315,Los Lagos,10,Dalcahue,10205.0,15069.0,0.0,0.0,0.0,0.0,0.0,0.0,0.0,0.0,0.0,0.0,0.0,0.0,0.0,0.0,0.0,0.0,0.0,0.0,2.0,6.0,6.0,6.0,6.0,6.0,6.0,7.0,7.0,7.0,7.0,7.0,7.0,7.0,7.0,7.0,7.0,7.0,7.0,46.5
316,Los Lagos,10,Fresia,10104.0,12656.0,0.0,0.0,0.0,0.0,0.0,0.0,0.0,0.0,1.0,1.0,0.0,0.0,0.0,0.0,0.0,0.0,0.0,0.0,0.0,0.0,0.0,0.0,0.0,0.0,1.0,2.0,9.0,7.0,9.0,9.0,21.0,23.0,20.0,20.0,24.0,28.0,37.0,292.4
317,Los Lagos,10,Frutillar,10105.0,20223.0,0.0,0.0,0.0,0.0,0.0,0.0,5.0,6.0,6.0,6.0,6.0,6.0,6.0,6.0,6.0,6.0,7.0,7.0,7.0,9.0,11.0,12.0,12.0,12.0,13.0,15.0,20.0,47.0,53.0,70.0,90.0,141.0,138.0,140.0,140.0,145.0,149.0,736.8
318,Los Lagos,10,Futaleufu,10402.0,2806.0,0.0,0.0,0.0,0.0,0.0,0.0,0.0,0.0,0.0,0.0,0.0,0.0,0.0,0.0,0.0,0.0,0.0,0.0,1.0,1.0,1.0,1.0,1.0,1.0,1.0,1.0,1.0,1.0,1.0,1.0,1.0,1.0,1.0,1.0,1.0,1.0,1.0,35.6
319,Los Lagos,10,Hualaihue,10403.0,9525.0,0.0,0.0,0.0,0.0,0.0,0.0,3.0,3.0,3.0,3.0,3.0,3.0,3.0,3.0,3.0,3.0,3.0,3.0,3.0,3.0,3.0,3.0,4.0,4.0,4.0,4.0,5.0,8.0,13.0,13.0,12.0,12.0,12.0,12.0,13.0,20.0,20.0,210.0
320,Los Lagos,10,Llanquihue,10107.0,18621.0,0.0,0.0,0.0,0.0,0.0,0.0,3.0,1.0,2.0,1.0,1.0,1.0,1.0,1.0,1.0,6.0,6.0,6.0,6.0,6.0,6.0,6.0,6.0,6.0,8.0,9.0,28.0,66.0,62.0,56.0,84.0,70.0,76.0,69.0,71.0,79.0,105.0,563.9
321,Los Lagos,10,Los Muermos,10106.0,17817.0,0.0,0.0,0.0,0.0,0.0,0.0,1.0,1.0,1.0,1.0,1.0,1.0,1.0,1.0,1.0,2.0,2.0,2.0,2.0,2.0,2.0,2.0,2.0,2.0,3.0,3.0,4.0,13.0,16.0,16.0,22.0,38.0,40.0,40.0,41.0,47.0,53.0,297.5
322,Los Lagos,10,Maullin,10108.0,14894.0,0.0,0.0,0.0,0.0,0.0,0.0,1.0,1.0,2.0,1.0,1.0,1.0,1.0,1.0,1.0,1.0,1.0,3.0,14.0,15.0,15.0,15.0,15.0,15.0,15.0,15.0,17.0,18.0,20.0,22.0,31.0,41.0,41.0,47.0,51.0,57.0,63.0,423.0
323,Los Lagos,10,Osorno,10301.0,173410.0,66.0,120.0,163.0,190.0,207.0,220.0,232.0,241.0,249.0,265.0,278.0,282.0,306.0,315.0,320.0,324.0,340.0,341.0,343.0,343.0,355.0,369.0,391.0,399.0,414.0,419.0,451.0,459.0,466.0,466.0,482.0,500.0,564.0,576.0,603.0,634.0,678.0,391.0
324,Los Lagos,10,Palena,10404.0,1827.0,0.0,0.0,0.0,0.0,0.0,0.0,0.0,0.0,0.0,0.0,0.0,0.0,0.0,0.0,0.0,0.0,0.0,0.0,0.0,0.0,0.0,0.0,0.0,0.0,0.0,0.0,0.0,0.0,0.0,0.0,0.0,0.0,0.0,0.0,0.0,0.0,0.0,0.0
325,Los Lagos,10,Puerto Montt,10101.0,269398.0,34.0,44.0,25.0,35.0,37.0,39.0,68.0,73.0,76.0,75.0,73.0,73.0,52.0,52.0,52.0,54.0,62.0,63.0,88.0,110.0,122.0,133.0,193.0,213.0,248.0,303.0,356.0,431.0,525.0,574.0,727.0,854.0,955.0,1160.0,1248.0,1467.0,1722.0,639.2
326,Los Lagos,10,Puerto Octay,10302.0,9192.0,0.0,0.0,0.0,0.0,0.0,0.0,1.0,1.0,1.0,1.0,2.0,4.0,4.0,3.0,5.0,5.0,5.0,5.0,5.0,5.0,5.0,5.0,5.0,5.0,5.0,5.0,5.0,6.0,5.0,8.0,8.0,8.0,9.0,9.0,9.0,9.0,9.0,97.9
327,Los Lagos,10,Puerto Varas,10109.0,48620.0,0.0,0.0,0.0,4.0,0.0,0.0,6.0,7.0,8.0,8.0,9.0,9.0,9.0,8.0,8.0,8.0,8.0,9.0,11.0,15.0,17.0,18.0,30.0,37.0,45.0,53.0,61.0,66.0,74.0,80.0,85.0,95.0,98.0,109.0,112.0,127.0,137.0,281.8
328,Los Lagos,10,Puqueldon,10206.0,4201.0,0.0,0.0,0.0,0.0,0.0,0.0,0.0,0.0,0.0,0.0,0.0,0.0,0.0,0.0,0.0,0.0,0.0,0.0,0.0,0.0,0.0,0.0,0.0,0.0,0.0,0.0,0.0,0.0,0.0,0.0,0.0,0.0,0.0,0.0,0.0,0.0,0.0,0.0
329,Los Lagos,10,Purranque,10303.0,21080.0,0.0,0.0,5.0,5.0,11.0,16.0,16.0,16.0,16.0,16.0,17.0,17.0,19.0,23.0,27.0,27.0,30.0,30.0,32.0,35.0,58.0,62.0,66.0,68.0,68.0,68.0,68.0,74.0,76.0,76.0,80.0,82.0,83.0,83.0,85.0,90.0,90.0,426.9
330,Los Lagos,10,Puyehue,10304.0,11787.0,0.0,0.0,0.0,0.0,0.0,0.0,2.0,1.0,1.0,1.0,1.0,2.0,4.0,4.0,6.0,6.0,6.0,6.0,7.0,7.0,7.0,9.0,11.0,11.0,10.0,11.0,13.0,13.0,13.0,13.0,13.0,14.0,16.0,16.0,16.0,19.0,19.0,161.2
331,Los Lagos,10,Queilen,10207.0,5543.0,0.0,0.0,0.0,0.0,0.0,0.0,0.0,0.0,0.0,0.0,0.0,0.0,0.0,0.0,0.0,0.0,0.0,0.0,0.0,0.0,0.0,0.0,0.0,0.0,0.0,0.0,0.0,0.0,0.0,0.0,0.0,0.0,0.0,0.0,0.0,1.0,0.0,0.0
332,Los Lagos,10,Quellon,10208.0,29309.0,0.0,0.0,0.0,0.0,0.0,0.0,0.0,0.0,0.0,0.0,0.0,0.0,0.0,1.0,1.0,1.0,1.0,1.0,1.0,1.0,1.0,1.0,1.0,1.0,1.0,1.0,1.0,5.0,5.0,5.0,5.0,6.0,6.0,6.0,6.0,6.0,7.0,23.9
333,Los Lagos,10,Quemchi,10209.0,8783.0,0.0,0.0,0.0,0.0,0.0,0.0,0.0,0.0,0.0,0.0,0.0,0.0,0.0,0.0,0.0,0.0,0.0,0.0,4.0,5.0,6.0,13.0,14.0,14.0,14.0,14.0,14.0,14.0,14.0,14.0,14.0,14.0,14.0,14.0,14.0,14.0,14.0,159.4
334,Los Lagos,10,Quinchao,10210.0,8298.0,0.0,0.0,0.0,0.0,0.0,0.0,1.0,1.0,1.0,1.0,1.0,1.0,1.0,1.0,1.0,1.0,1.0,1.0,1.0,1.0,1.0,1.0,1.0,1.0,1.0,2.0,2.0,2.0,2.0,2.0,2.0,2.0,2.0,2.0,2.0,4.0,2.0,24.1
335,Los Lagos,10,Rio Negro,10305.0,14275.0,0.0,0.0,0.0,0.0,0.0,0.0,3.0,3.0,4.0,4.0,5.0,5.0,10.0,13.0,18.0,19.0,25.0,25.0,26.0,27.0,32.0,32.0,31.0,32.0,32.0,32.0,33.0,38.0,38.0,39.0,42.0,44.0,46.0,49.0,51.0,51.0,52.0,364.3
336,Los Lagos,10,San Juan de la Costa,10306.0,7639.0,0.0,0.0,0.0,7.0,11.0,11.0,14.0,13.0,15.0,16.0,22.0,24.0,26.0,29.0,27.0,32.0,34.0,34.0,34.0,34.0,34.0,34.0,34.0,34.0,40.0,42.0,42.0,42.0,42.0,42.0,42.0,42.0,42.0,43.0,43.0,43.0,43.0,562.9
337,Los Lagos,10,San Pablo,10307.0,10553.0,0.0,0.0,0.0,0.0,6.0,6.0,6.0,6.0,6.0,8.0,8.0,8.0,9.0,10.0,9.0,9.0,9.0,10.0,10.0,12.0,12.0,12.0,12.0,12.0,12.0,12.0,12.0,12.0,12.0,12.0,13.0,13.0,15.0,15.0,15.0,15.0,16.0,151.6
338,Los Lagos,10,Desconocido Los Lagos,,,,,,,,,,,,,,,,,,,,,,,,,,,,,52.0,44.0,44.0,46.0,54.0,52.0,56.0,61.0,65.0,73.0,73.0,
339,Aysén,11,Aysen,11201.0,25002.0,0.0,0.0,4.0,5.0,4.0,4.0,3.0,3.0,3.0,1.0,1.0,1.0,1.0,1.0,1.0,1.0,1.0,1.0,1.0,1.0,4.0,4.0,4.0,4.0,4.0,6.0,8.0,8.0,10.0,12.0,16.0,17.0,25.0,35.0,35.0,36.0,41.0,164.0
340,Aysén,11,Chile Chico,11401.0,5121.0,0.0,0.0,0.0,0.0,0.0,0.0,1.0,1.0,1.0,1.0,1.0,1.0,1.0,1.0,1.0,1.0,1.0,1.0,1.0,1.0,1.0,1.0,1.0,1.0,1.0,1.0,1.0,1.0,1.0,1.0,1.0,1.0,1.0,1.0,1.0,1.0,1.0,19.5
341,Aysén,11,Cisnes,11202.0,5828.0,0.0,0.0,0.0,0.0,0.0,0.0,0.0,0.0,0.0,0.0,0.0,0.0,0.0,0.0,0.0,0.0,0.0,0.0,0.0,0.0,0.0,0.0,0.0,0.0,0.0,0.0,0.0,0.0,0.0,0.0,0.0,0.0,0.0,0.0,0.0,0.0,0.0,0.0
342,Aysén,11,Cochrane,11301.0,3685.0,0.0,0.0,0.0,0.0,0.0,0.0,0.0,0.0,0.0,0.0,0.0,0.0,0.0,0.0,0.0,0.0,0.0,0.0,0.0,0.0,0.0,0.0,0.0,0.0,0.0,0.0,0.0,0.0,0.0,0.0,0.0,0.0,0.0,0.0,0.0,0.0,0.0,0.0
343,Aysén,11,Coyhaique,11101.0,61210.0,0.0,0.0,0.0,0.0,0.0,0.0,2.0,2.0,2.0,3.0,3.0,3.0,2.0,2.0,3.0,3.0,3.0,3.0,3.0,5.0,7.0,8.0,10.0,12.0,13.0,15.0,15.0,15.0,28.0,26.0,28.0,28.0,29.0,30.0,30.0,30.0,30.0,49.0
344,Aysén,11,Guaitecas,11203.0,1599.0,0.0,0.0,0.0,0.0,0.0,0.0,0.0,0.0,0.0,0.0,0.0,0.0,0.0,0.0,0.0,0.0,0.0,0.0,0.0,0.0,0.0,0.0,0.0,0.0,0.0,0.0,0.0,0.0,0.0,0.0,0.0,0.0,0.0,0.0,0.0,0.0,0.0,0.0
345,Aysén,11,Lago Verde,11102.0,920.0,0.0,0.0,0.0,0.0,0.0,0.0,0.0,0.0,0.0,0.0,0.0,0.0,0.0,0.0,0.0,0.0,0.0,0.0,0.0,0.0,0.0,0.0,0.0,0.0,0.0,0.0,0.0,0.0,0.0,0.0,0.0,0.0,0.0,0.0,0.0,0.0,0.0,0.0
346,Aysén,11,OHiggins,11302.0,661.0,0.0,0.0,0.0,0.0,0.0,0.0,0.0,0.0,0.0,0.0,0.0,0.0,0.0,0.0,0.0,0.0,0.0,0.0,0.0,0.0,0.0,0.0,0.0,0.0,0.0,0.0,0.0,0.0,0.0,0.0,0.0,0.0,0.0,0.0,0.0,0.0,0.0,0.0
347,Aysén,11,Rio Ibanez,11402.0,2699.0,0.0,0.0,0.0,0.0,0.0,0.0,0.0,0.0,0.0,0.0,0.0,0.0,0.0,0.0,0.0,0.0,0.0,0.0,0.0,0.0,0.0,0.0,0.0,0.0,0.0,0.0,0.0,0.0,0.0,0.0,0.0,0.0,0.0,0.0,0.0,0.0,0.0,0.0
348,Aysén,11,Tortel,11303.0,572.0,0.0,0.0,0.0,0.0,0.0,0.0,1.0,1.0,1.0,0.0,0.0,0.0,0.0,0.0,0.0,0.0,0.0,0.0,0.0,0.0,0.0,0.0,0.0,0.0,0.0,0.0,0.0,0.0,0.0,0.0,0.0,0.0,0.0,0.0,0.0,0.0,0.0,0.0
349,Aysén,11,Desconocido Aysen,,,,,,,,,,,,,,,,,,,,,,,,,,,,,1.0,1.0,1.0,1.0,1.0,1.0,1.0,1.0,1.0,1.0,1.0,
350,Magallanes,12,Antartica,12202.0,137.0,0.0,0.0,0.0,0.0,0.0,0.0,0.0,0.0,0.0,0.0,0.0,0.0,0.0,0.0,0.0,0.0,0.0,0.0,0.0,0.0,0.0,0.0,0.0,0.0,0.0,0.0,0.0,0.0,0.0,0.0,0.0,0.0,0.0,0.0,0.0,0.0,0.0,0.0
351,Magallanes,12,Cabo de Hornos,12201.0,1983.0,5.0,6.0,6.0,10.0,11.0,13.0,18.0,18.0,18.0,17.0,17.0,19.0,19.0,19.0,19.0,20.0,20.0,20.0,21.0,22.0,22.0,22.0,21.0,21.0,21.0,21.0,21.0,21.0,21.0,22.0,22.0,22.0,22.0,22.0,22.0,22.0,22.0,1109.4
352,Magallanes,12,Laguna Blanca,12102.0,264.0,0.0,0.0,0.0,0.0,0.0,0.0,0.0,0.0,0.0,0.0,0.0,0.0,0.0,0.0,0.0,0.0,0.0,0.0,1.0,1.0,0.0,0.0,0.0,0.0,0.0,0.0,0.0,0.0,0.0,0.0,0.0,0.0,0.0,0.0,0.0,0.0,0.0,0.0
353,Magallanes,12,Natales,12401.0,23782.0,0.0,4.0,5.0,5.0,5.0,6.0,6.0,6.0,7.0,6.0,7.0,8.0,8.0,8.0,9.0,9.0,9.0,11.0,12.0,12.0,13.0,13.0,13.0,14.0,14.0,15.0,15.0,22.0,39.0,42.0,46.0,50.0,51.0,51.0,51.0,52.0,52.0,218.7
354,Magallanes,12,Porvenir,12301.0,7323.0,0.0,0.0,0.0,0.0,0.0,0.0,4.0,4.0,5.0,8.0,8.0,8.0,8.0,8.0,9.0,9.0,9.0,9.0,9.0,9.0,9.0,9.0,9.0,9.0,9.0,9.0,10.0,10.0,10.0,10.0,10.0,10.0,10.0,10.0,10.0,10.0,10.0,136.6
355,Magallanes,12,Primavera,12302.0,694.0,0.0,0.0,0.0,0.0,0.0,0.0,0.0,0.0,1.0,1.0,1.0,1.0,1.0,1.0,1.0,1.0,1.0,1.0,1.0,1.0,1.0,1.0,1.0,1.0,2.0,2.0,2.0,3.0,3.0,3.0,3.0,1.0,1.0,1.0,1.0,1.0,1.0,144.1
356,Magallanes,12,Punta Arenas,12101.0,141984.0,29.0,87.0,143.0,203.0,207.0,299.0,387.0,416.0,470.0,516.0,581.0,623.0,685.0,744.0,825.0,858.0,893.0,925.0,945.0,968.0,999.0,1009.0,1024.0,1039.0,1058.0,1136.0,1203.0,1257.0,1304.0,1327.0,1354.0,1398.0,1431.0,1463.0,1485.0,1506.0,1530.0,1077.6
357,Magallanes,12,Rio Verde,12103.0,211.0,0.0,0.0,0.0,0.0,0.0,0.0,0.0,0.0,0.0,0.0,0.0,0.0,0.0,0.0,0.0,0.0,0.0,0.0,0.0,0.0,0.0,0.0,0.0,0.0,0.0,0.0,0.0,0.0,0.0,0.0,0.0,0.0,0.0,0.0,0.0,0.0,0.0,0.0
358,Magallanes,12,San Gregorio,12104.0,681.0,0.0,0.0,0.0,0.0,0.0,0.0,0.0,0.0,0.0,0.0,0.0,0.0,0.0,0.0,1.0,1.0,2.0,2.0,3.0,3.0,2.0,2.0,2.0,2.0,2.0,2.0,2.0,2.0,2.0,2.0,2.0,2.0,2.0,2.0,2.0,2.0,2.0,293.7
359,Magallanes,12,Timaukel,12303.0,282.0,0.0,0.0,0.0,0.0,0.0,0.0,0.0,0.0,0.0,0.0,0.0,0.0,0.0,0.0,0.0,0.0,0.0,0.0,0.0,0.0,0.0,0.0,0.0,0.0,0.0,0.0,0.0,0.0,0.0,0.0,0.0,0.0,0.0,0.0,0.0,0.0,0.0,0.0
360,Magallanes,12,Torres del Paine,12402.0,1021.0,0.0,0.0,0.0,0.0,0.0,0.0,0.0,0.0,0.0,0.0,0.0,0.0,0.0,1.0,1.0,0.0,0.0,0.0,0.0,0.0,0.0,0.0,0.0,0.0,0.0,0.0,0.0,0.0,0.0,0.0,1.0,1.0,0.0,0.0,0.0,0.0,0.0,0.0
361,Magallanes,12,Desconocido Magallanes,,,,,,,,,,,,,,,,,,,,,,,,,,,,,69.0,69.0,68.0,68.0,68.0,70.0,70.0,70.0,70.0,70.0,70.0,
